16:16:41:696  INFO 19924 --- [main] com.hmall.HMallApplication               : Starting HMallApplication using Java 17.0.2 on ArthurShen with PID 19924 (C:\Users\shena\OneDrive\Desktop\Microservices_E_commerce_Platform\hmall\hm-service\target\classes started by shena in C:\Users\shena\OneDrive\Desktop\Microservices_E_commerce_Platform\hmall)
16:16:41:697 DEBUG 19924 --- [main] com.hmall.HMallApplication               : Running with Spring Boot v2.7.12, Spring v5.3.27
16:16:41:697  INFO 19924 --- [main] com.hmall.HMallApplication               : The following 1 profile is active: "dev"
16:16:42:636  INFO 19924 --- [main] .s.d.r.c.RepositoryConfigurationDelegate : Multiple Spring Data modules found, entering strict repository configuration mode
16:16:42:637  INFO 19924 --- [main] .s.d.r.c.RepositoryConfigurationDelegate : Bootstrapping Spring Data Redis repositories in DEFAULT mode.
16:16:42:652  INFO 19924 --- [main] .s.d.r.c.RepositoryConfigurationDelegate : Finished Spring Data repository scanning in 8 ms. Found 0 Redis repository interfaces.
16:16:42:886  INFO 19924 --- [main] o.s.b.w.embedded.tomcat.TomcatWebServer  : Tomcat initialized with port(s): 8080 (http)
16:16:42:889  INFO 19924 --- [main] o.apache.catalina.core.StandardService   : Starting service [Tomcat]
16:16:42:890  INFO 19924 --- [main] org.apache.catalina.core.StandardEngine  : Starting Servlet engine: [Apache Tomcat/9.0.75]
16:16:42:945  INFO 19924 --- [main] o.a.c.c.C.[Tomcat].[localhost].[/]       : Initializing Spring embedded WebApplicationContext
16:16:42:945  INFO 19924 --- [main] w.s.c.ServletWebServerApplicationContext : Root WebApplicationContext: initialization completed in 1226 ms
16:16:43:655  INFO 19924 --- [main] pertySourcedRequestMappingHandlerMapping : Mapped URL path [/v2/api-docs] onto method [springfox.documentation.swagger2.web.Swagger2ControllerWebMvc#getDocumentation(String, HttpServletRequest)]
16:16:43:793  WARN 19924 --- [main] ConfigServletWebServerApplicationContext : Exception encountered during context initialization - cancelling refresh attempt: org.springframework.context.ApplicationContextException: Failed to start bean 'webServerStartStop'; nested exception is org.springframework.boot.web.server.PortInUseException: Port 8080 is already in use
16:16:43:801  INFO 19924 --- [main] o.apache.catalina.core.StandardService   : Stopping service [Tomcat]
16:16:43:807  INFO 19924 --- [main] ConditionEvaluationReportLoggingListener : 

Error starting ApplicationContext. To display the conditions report re-run your application with 'debug' enabled.
16:16:43:814 ERROR 19924 --- [main] o.s.b.d.LoggingFailureAnalysisReporter   : 

***************************
APPLICATION FAILED TO START
***************************

Description:

Web server failed to start. Port 8080 was already in use.

Action:

Identify and stop the process that's listening on port 8080 or configure this application to listen on another port.

16:17:51:892  INFO 26996 --- [main] com.hmall.HMallApplication               : Starting HMallApplication using Java 17.0.2 on ArthurShen with PID 26996 (C:\Users\shena\OneDrive\Desktop\Microservices_E_commerce_Platform\hmall\hm-service\target\classes started by shena in C:\Users\shena\OneDrive\Desktop\Microservices_E_commerce_Platform\hmall)
16:17:51:893 DEBUG 26996 --- [main] com.hmall.HMallApplication               : Running with Spring Boot v2.7.12, Spring v5.3.27
16:17:51:894  INFO 26996 --- [main] com.hmall.HMallApplication               : The following 1 profile is active: "dev"
16:17:52:237  INFO 26996 --- [main] .s.d.r.c.RepositoryConfigurationDelegate : Multiple Spring Data modules found, entering strict repository configuration mode
16:17:52:238  INFO 26996 --- [main] .s.d.r.c.RepositoryConfigurationDelegate : Bootstrapping Spring Data Redis repositories in DEFAULT mode.
16:17:52:253  INFO 26996 --- [main] .s.d.r.c.RepositoryConfigurationDelegate : Finished Spring Data repository scanning in 8 ms. Found 0 Redis repository interfaces.
16:17:52:476  INFO 26996 --- [main] o.s.b.w.embedded.tomcat.TomcatWebServer  : Tomcat initialized with port(s): 8080 (http)
16:17:52:479  INFO 26996 --- [main] o.apache.catalina.core.StandardService   : Starting service [Tomcat]
16:17:52:479  INFO 26996 --- [main] org.apache.catalina.core.StandardEngine  : Starting Servlet engine: [Apache Tomcat/9.0.75]
16:17:52:538  INFO 26996 --- [main] o.a.c.c.C.[Tomcat].[localhost].[/]       : Initializing Spring embedded WebApplicationContext
16:17:52:538  INFO 26996 --- [main] w.s.c.ServletWebServerApplicationContext : Root WebApplicationContext: initialization completed in 621 ms
16:17:53:182  INFO 26996 --- [main] pertySourcedRequestMappingHandlerMapping : Mapped URL path [/v2/api-docs] onto method [springfox.documentation.swagger2.web.Swagger2ControllerWebMvc#getDocumentation(String, HttpServletRequest)]
16:17:53:323  WARN 26996 --- [main] ConfigServletWebServerApplicationContext : Exception encountered during context initialization - cancelling refresh attempt: org.springframework.context.ApplicationContextException: Failed to start bean 'webServerStartStop'; nested exception is org.springframework.boot.web.server.PortInUseException: Port 8080 is already in use
16:17:53:332  INFO 26996 --- [main] o.apache.catalina.core.StandardService   : Stopping service [Tomcat]
16:17:53:338  INFO 26996 --- [main] ConditionEvaluationReportLoggingListener : 

Error starting ApplicationContext. To display the conditions report re-run your application with 'debug' enabled.
16:17:53:345 ERROR 26996 --- [main] o.s.b.d.LoggingFailureAnalysisReporter   : 

***************************
APPLICATION FAILED TO START
***************************

Description:

Web server failed to start. Port 8080 was already in use.

Action:

Identify and stop the process that's listening on port 8080 or configure this application to listen on another port.

16:25:50:297  INFO 21096 --- [main] com.hmall.HMallApplication               : Starting HMallApplication using Java 17.0.2 on ArthurShen with PID 21096 (C:\Users\shena\OneDrive\Desktop\Microservices_E_commerce_Platform\hmall\hm-service\target\classes started by shena in C:\Users\shena\OneDrive\Desktop\Microservices_E_commerce_Platform\hmall)
16:25:50:298 DEBUG 21096 --- [main] com.hmall.HMallApplication               : Running with Spring Boot v2.7.12, Spring v5.3.27
16:25:50:298  INFO 21096 --- [main] com.hmall.HMallApplication               : The following 1 profile is active: "local"
16:25:50:654  INFO 21096 --- [main] .s.d.r.c.RepositoryConfigurationDelegate : Multiple Spring Data modules found, entering strict repository configuration mode
16:25:50:655  INFO 21096 --- [main] .s.d.r.c.RepositoryConfigurationDelegate : Bootstrapping Spring Data Redis repositories in DEFAULT mode.
16:25:50:670  INFO 21096 --- [main] .s.d.r.c.RepositoryConfigurationDelegate : Finished Spring Data repository scanning in 8 ms. Found 0 Redis repository interfaces.
16:25:50:890  INFO 21096 --- [main] o.s.b.w.embedded.tomcat.TomcatWebServer  : Tomcat initialized with port(s): 8080 (http)
16:25:50:893  INFO 21096 --- [main] o.apache.catalina.core.StandardService   : Starting service [Tomcat]
16:25:50:894  INFO 21096 --- [main] org.apache.catalina.core.StandardEngine  : Starting Servlet engine: [Apache Tomcat/9.0.75]
16:25:50:950  INFO 21096 --- [main] o.a.c.c.C.[Tomcat].[localhost].[/]       : Initializing Spring embedded WebApplicationContext
16:25:50:950  INFO 21096 --- [main] w.s.c.ServletWebServerApplicationContext : Root WebApplicationContext: initialization completed in 629 ms
16:25:51:598  INFO 21096 --- [main] pertySourcedRequestMappingHandlerMapping : Mapped URL path [/v2/api-docs] onto method [springfox.documentation.swagger2.web.Swagger2ControllerWebMvc#getDocumentation(String, HttpServletRequest)]
16:25:51:740  WARN 21096 --- [main] ConfigServletWebServerApplicationContext : Exception encountered during context initialization - cancelling refresh attempt: org.springframework.context.ApplicationContextException: Failed to start bean 'webServerStartStop'; nested exception is org.springframework.boot.web.server.PortInUseException: Port 8080 is already in use
16:25:51:749  INFO 21096 --- [main] o.apache.catalina.core.StandardService   : Stopping service [Tomcat]
16:25:51:754  INFO 21096 --- [main] ConditionEvaluationReportLoggingListener : 

Error starting ApplicationContext. To display the conditions report re-run your application with 'debug' enabled.
16:25:51:761 ERROR 21096 --- [main] o.s.b.d.LoggingFailureAnalysisReporter   : 

***************************
APPLICATION FAILED TO START
***************************

Description:

Web server failed to start. Port 8080 was already in use.

Action:

Identify and stop the process that's listening on port 8080 or configure this application to listen on another port.

16:28:17:200  INFO 39732 --- [main] com.hmall.HMallApplication               : Starting HMallApplication using Java 17.0.2 on ArthurShen with PID 39732 (C:\Users\shena\OneDrive\Desktop\Microservices_E_commerce_Platform\hmall\hm-service\target\classes started by shena in C:\Users\shena\OneDrive\Desktop\Microservices_E_commerce_Platform\hmall)
16:28:17:201 DEBUG 39732 --- [main] com.hmall.HMallApplication               : Running with Spring Boot v2.7.12, Spring v5.3.27
16:28:17:201  INFO 39732 --- [main] com.hmall.HMallApplication               : The following 1 profile is active: "local"
16:28:17:555  INFO 39732 --- [main] .s.d.r.c.RepositoryConfigurationDelegate : Multiple Spring Data modules found, entering strict repository configuration mode
16:28:17:556  INFO 39732 --- [main] .s.d.r.c.RepositoryConfigurationDelegate : Bootstrapping Spring Data Redis repositories in DEFAULT mode.
16:28:17:569  INFO 39732 --- [main] .s.d.r.c.RepositoryConfigurationDelegate : Finished Spring Data repository scanning in 7 ms. Found 0 Redis repository interfaces.
16:28:17:791  INFO 39732 --- [main] o.s.b.w.embedded.tomcat.TomcatWebServer  : Tomcat initialized with port(s): 8080 (http)
16:28:17:795  INFO 39732 --- [main] o.apache.catalina.core.StandardService   : Starting service [Tomcat]
16:28:17:795  INFO 39732 --- [main] org.apache.catalina.core.StandardEngine  : Starting Servlet engine: [Apache Tomcat/9.0.75]
16:28:17:854  INFO 39732 --- [main] o.a.c.c.C.[Tomcat].[localhost].[/]       : Initializing Spring embedded WebApplicationContext
16:28:17:854  INFO 39732 --- [main] w.s.c.ServletWebServerApplicationContext : Root WebApplicationContext: initialization completed in 628 ms
16:28:18:489  INFO 39732 --- [main] pertySourcedRequestMappingHandlerMapping : Mapped URL path [/v2/api-docs] onto method [springfox.documentation.swagger2.web.Swagger2ControllerWebMvc#getDocumentation(String, HttpServletRequest)]
16:28:18:635  INFO 39732 --- [main] o.s.b.w.embedded.tomcat.TomcatWebServer  : Tomcat started on port(s): 8080 (http) with context path ''
16:28:18:635  INFO 39732 --- [main] d.s.w.p.DocumentationPluginsBootstrapper : Documentation plugins bootstrapped
16:28:18:637  INFO 39732 --- [main] d.s.w.p.DocumentationPluginsBootstrapper : Found 1 custom documentation plugin(s)
16:28:18:651  INFO 39732 --- [main] s.d.s.w.s.ApiListingReferenceScanner     : Scanning for api listing references
16:28:18:743  INFO 39732 --- [main] com.hmall.HMallApplication               : Started HMallApplication in 1.719 seconds (JVM running for 1.974)
16:32:03:701  INFO 39732 --- [http-nio-8080-exec-1] o.a.c.c.C.[Tomcat].[localhost].[/]       : Initializing Spring DispatcherServlet 'dispatcherServlet'
16:32:03:701  INFO 39732 --- [http-nio-8080-exec-1] o.s.web.servlet.DispatcherServlet        : Initializing Servlet 'dispatcherServlet'
16:32:03:702  INFO 39732 --- [http-nio-8080-exec-1] o.s.web.servlet.DispatcherServlet        : Completed initialization in 1 ms
16:32:03:786 ERROR 39732 --- [http-nio-8080-exec-1] c.h.common.advice.CommonExceptionAdvice  : 其他异常 uri : /users/login -> 

org.mybatis.spring.MyBatisSystemException: nested exception is org.apache.ibatis.builder.BuilderException: Error evaluating expression 'ew.sqlSegment != null and ew.sqlSegment != '' and ew.nonEmptyOfWhere'. Cause: org.apache.ibatis.ognl.OgnlException: sqlSegment [java.lang.ExceptionInInitializerError]
	at org.mybatis.spring.MyBatisExceptionTranslator.translateExceptionIfPossible(MyBatisExceptionTranslator.java:96) ~[mybatis-spring-2.0.6.jar:2.0.6]
	at org.mybatis.spring.SqlSessionTemplate$SqlSessionInterceptor.invoke(SqlSessionTemplate.java:441) ~[mybatis-spring-2.0.6.jar:2.0.6]
	at jdk.proxy2/jdk.proxy2.$Proxy87.selectOne(Unknown Source) ~[na:na]
	at org.mybatis.spring.SqlSessionTemplate.selectOne(SqlSessionTemplate.java:160) ~[mybatis-spring-2.0.6.jar:2.0.6]
	at com.baomidou.mybatisplus.core.override.MybatisMapperMethod.execute(MybatisMapperMethod.java:89) ~[mybatis-plus-core-3.4.3.jar:3.4.3]
	at com.baomidou.mybatisplus.core.override.MybatisMapperProxy$PlainMethodInvoker.invoke(MybatisMapperProxy.java:148) ~[mybatis-plus-core-3.4.3.jar:3.4.3]
	at com.baomidou.mybatisplus.core.override.MybatisMapperProxy.invoke(MybatisMapperProxy.java:89) ~[mybatis-plus-core-3.4.3.jar:3.4.3]
	at jdk.proxy2/jdk.proxy2.$Proxy99.selectOne(Unknown Source) ~[na:na]
	at com.baomidou.mybatisplus.extension.conditions.query.ChainQuery.one(ChainQuery.java:48) ~[mybatis-plus-extension-3.4.3.jar:3.4.3]
	at com.hmall.service.impl.UserServiceImpl.login(UserServiceImpl.java:46) ~[classes/:na]
	at com.hmall.service.impl.UserServiceImpl$$FastClassBySpringCGLIB$$84609514.invoke(<generated>) ~[classes/:na]
	at org.springframework.cglib.proxy.MethodProxy.invoke(MethodProxy.java:218) ~[spring-core-5.3.27.jar:5.3.27]
	at org.springframework.aop.framework.CglibAopProxy.invokeMethod(CglibAopProxy.java:386) ~[spring-aop-5.3.27.jar:5.3.27]
	at org.springframework.aop.framework.CglibAopProxy.access$000(CglibAopProxy.java:85) ~[spring-aop-5.3.27.jar:5.3.27]
	at org.springframework.aop.framework.CglibAopProxy$DynamicAdvisedInterceptor.intercept(CglibAopProxy.java:704) ~[spring-aop-5.3.27.jar:5.3.27]
	at com.hmall.service.impl.UserServiceImpl$$EnhancerBySpringCGLIB$$80d4d314.login(<generated>) ~[classes/:na]
	at com.hmall.controller.UserController.login(UserController.java:25) ~[classes/:na]
	at java.base/jdk.internal.reflect.NativeMethodAccessorImpl.invoke0(Native Method) ~[na:na]
	at java.base/jdk.internal.reflect.NativeMethodAccessorImpl.invoke(NativeMethodAccessorImpl.java:77) ~[na:na]
	at java.base/jdk.internal.reflect.DelegatingMethodAccessorImpl.invoke(DelegatingMethodAccessorImpl.java:43) ~[na:na]
	at java.base/java.lang.reflect.Method.invoke(Method.java:568) ~[na:na]
	at org.springframework.web.method.support.InvocableHandlerMethod.doInvoke(InvocableHandlerMethod.java:205) ~[spring-web-5.3.27.jar:5.3.27]
	at org.springframework.web.method.support.InvocableHandlerMethod.invokeForRequest(InvocableHandlerMethod.java:150) ~[spring-web-5.3.27.jar:5.3.27]
	at org.springframework.web.servlet.mvc.method.annotation.ServletInvocableHandlerMethod.invokeAndHandle(ServletInvocableHandlerMethod.java:117) ~[spring-webmvc-5.3.27.jar:5.3.27]
	at org.springframework.web.servlet.mvc.method.annotation.RequestMappingHandlerAdapter.invokeHandlerMethod(RequestMappingHandlerAdapter.java:895) ~[spring-webmvc-5.3.27.jar:5.3.27]
	at org.springframework.web.servlet.mvc.method.annotation.RequestMappingHandlerAdapter.handleInternal(RequestMappingHandlerAdapter.java:808) ~[spring-webmvc-5.3.27.jar:5.3.27]
	at org.springframework.web.servlet.mvc.method.AbstractHandlerMethodAdapter.handle(AbstractHandlerMethodAdapter.java:87) ~[spring-webmvc-5.3.27.jar:5.3.27]
	at org.springframework.web.servlet.DispatcherServlet.doDispatch(DispatcherServlet.java:1072) ~[spring-webmvc-5.3.27.jar:5.3.27]
	at org.springframework.web.servlet.DispatcherServlet.doService(DispatcherServlet.java:965) ~[spring-webmvc-5.3.27.jar:5.3.27]
	at org.springframework.web.servlet.FrameworkServlet.processRequest(FrameworkServlet.java:1006) ~[spring-webmvc-5.3.27.jar:5.3.27]
	at org.springframework.web.servlet.FrameworkServlet.doPost(FrameworkServlet.java:909) ~[spring-webmvc-5.3.27.jar:5.3.27]
	at javax.servlet.http.HttpServlet.service(HttpServlet.java:555) ~[tomcat-embed-core-9.0.75.jar:4.0.FR]
	at org.springframework.web.servlet.FrameworkServlet.service(FrameworkServlet.java:883) ~[spring-webmvc-5.3.27.jar:5.3.27]
	at javax.servlet.http.HttpServlet.service(HttpServlet.java:623) ~[tomcat-embed-core-9.0.75.jar:4.0.FR]
	at org.apache.catalina.core.ApplicationFilterChain.internalDoFilter(ApplicationFilterChain.java:209) ~[tomcat-embed-core-9.0.75.jar:9.0.75]
	at org.apache.catalina.core.ApplicationFilterChain.doFilter(ApplicationFilterChain.java:153) ~[tomcat-embed-core-9.0.75.jar:9.0.75]
	at org.apache.tomcat.websocket.server.WsFilter.doFilter(WsFilter.java:51) ~[tomcat-embed-websocket-9.0.75.jar:9.0.75]
	at org.apache.catalina.core.ApplicationFilterChain.internalDoFilter(ApplicationFilterChain.java:178) ~[tomcat-embed-core-9.0.75.jar:9.0.75]
	at org.apache.catalina.core.ApplicationFilterChain.doFilter(ApplicationFilterChain.java:153) ~[tomcat-embed-core-9.0.75.jar:9.0.75]
	at org.springframework.web.filter.RequestContextFilter.doFilterInternal(RequestContextFilter.java:100) ~[spring-web-5.3.27.jar:5.3.27]
	at org.springframework.web.filter.OncePerRequestFilter.doFilter(OncePerRequestFilter.java:117) ~[spring-web-5.3.27.jar:5.3.27]
	at org.apache.catalina.core.ApplicationFilterChain.internalDoFilter(ApplicationFilterChain.java:178) ~[tomcat-embed-core-9.0.75.jar:9.0.75]
	at org.apache.catalina.core.ApplicationFilterChain.doFilter(ApplicationFilterChain.java:153) ~[tomcat-embed-core-9.0.75.jar:9.0.75]
	at org.springframework.web.filter.FormContentFilter.doFilterInternal(FormContentFilter.java:93) ~[spring-web-5.3.27.jar:5.3.27]
	at org.springframework.web.filter.OncePerRequestFilter.doFilter(OncePerRequestFilter.java:117) ~[spring-web-5.3.27.jar:5.3.27]
	at org.apache.catalina.core.ApplicationFilterChain.internalDoFilter(ApplicationFilterChain.java:178) ~[tomcat-embed-core-9.0.75.jar:9.0.75]
	at org.apache.catalina.core.ApplicationFilterChain.doFilter(ApplicationFilterChain.java:153) ~[tomcat-embed-core-9.0.75.jar:9.0.75]
	at org.springframework.web.filter.CharacterEncodingFilter.doFilterInternal(CharacterEncodingFilter.java:201) ~[spring-web-5.3.27.jar:5.3.27]
	at org.springframework.web.filter.OncePerRequestFilter.doFilter(OncePerRequestFilter.java:117) ~[spring-web-5.3.27.jar:5.3.27]
	at org.apache.catalina.core.ApplicationFilterChain.internalDoFilter(ApplicationFilterChain.java:178) ~[tomcat-embed-core-9.0.75.jar:9.0.75]
	at org.apache.catalina.core.ApplicationFilterChain.doFilter(ApplicationFilterChain.java:153) ~[tomcat-embed-core-9.0.75.jar:9.0.75]
	at org.apache.catalina.core.StandardWrapperValve.invoke(StandardWrapperValve.java:167) ~[tomcat-embed-core-9.0.75.jar:9.0.75]
	at org.apache.catalina.core.StandardContextValve.invoke(StandardContextValve.java:90) ~[tomcat-embed-core-9.0.75.jar:9.0.75]
	at org.apache.catalina.authenticator.AuthenticatorBase.invoke(AuthenticatorBase.java:481) ~[tomcat-embed-core-9.0.75.jar:9.0.75]
	at org.apache.catalina.core.StandardHostValve.invoke(StandardHostValve.java:130) ~[tomcat-embed-core-9.0.75.jar:9.0.75]
	at org.apache.catalina.valves.ErrorReportValve.invoke(ErrorReportValve.java:93) ~[tomcat-embed-core-9.0.75.jar:9.0.75]
	at org.apache.catalina.core.StandardEngineValve.invoke(StandardEngineValve.java:74) ~[tomcat-embed-core-9.0.75.jar:9.0.75]
	at org.apache.catalina.connector.CoyoteAdapter.service(CoyoteAdapter.java:343) ~[tomcat-embed-core-9.0.75.jar:9.0.75]
	at org.apache.coyote.http11.Http11Processor.service(Http11Processor.java:390) ~[tomcat-embed-core-9.0.75.jar:9.0.75]
	at org.apache.coyote.AbstractProcessorLight.process(AbstractProcessorLight.java:63) ~[tomcat-embed-core-9.0.75.jar:9.0.75]
	at org.apache.coyote.AbstractProtocol$ConnectionHandler.process(AbstractProtocol.java:926) ~[tomcat-embed-core-9.0.75.jar:9.0.75]
	at org.apache.tomcat.util.net.NioEndpoint$SocketProcessor.doRun(NioEndpoint.java:1791) ~[tomcat-embed-core-9.0.75.jar:9.0.75]
	at org.apache.tomcat.util.net.SocketProcessorBase.run(SocketProcessorBase.java:52) ~[tomcat-embed-core-9.0.75.jar:9.0.75]
	at org.apache.tomcat.util.threads.ThreadPoolExecutor.runWorker(ThreadPoolExecutor.java:1191) ~[tomcat-embed-core-9.0.75.jar:9.0.75]
	at org.apache.tomcat.util.threads.ThreadPoolExecutor$Worker.run(ThreadPoolExecutor.java:659) ~[tomcat-embed-core-9.0.75.jar:9.0.75]
	at org.apache.tomcat.util.threads.TaskThread$WrappingRunnable.run(TaskThread.java:61) ~[tomcat-embed-core-9.0.75.jar:9.0.75]
	at java.base/java.lang.Thread.run(Thread.java:833) ~[na:na]
Caused by: org.apache.ibatis.builder.BuilderException: Error evaluating expression 'ew.sqlSegment != null and ew.sqlSegment != '' and ew.nonEmptyOfWhere'. Cause: org.apache.ibatis.ognl.OgnlException: sqlSegment [java.lang.ExceptionInInitializerError]
	at org.apache.ibatis.scripting.xmltags.OgnlCache.getValue(OgnlCache.java:48) ~[mybatis-3.5.7.jar:3.5.7]
	at org.apache.ibatis.scripting.xmltags.ExpressionEvaluator.evaluateBoolean(ExpressionEvaluator.java:32) ~[mybatis-3.5.7.jar:3.5.7]
	at org.apache.ibatis.scripting.xmltags.IfSqlNode.apply(IfSqlNode.java:34) ~[mybatis-3.5.7.jar:3.5.7]
	at org.apache.ibatis.scripting.xmltags.MixedSqlNode.lambda$apply$0(MixedSqlNode.java:32) ~[mybatis-3.5.7.jar:3.5.7]
	at java.base/java.util.ArrayList.forEach(ArrayList.java:1511) ~[na:na]
	at org.apache.ibatis.scripting.xmltags.MixedSqlNode.apply(MixedSqlNode.java:32) ~[mybatis-3.5.7.jar:3.5.7]
	at org.apache.ibatis.scripting.xmltags.TrimSqlNode.apply(TrimSqlNode.java:55) ~[mybatis-3.5.7.jar:3.5.7]
	at org.apache.ibatis.scripting.xmltags.MixedSqlNode.lambda$apply$0(MixedSqlNode.java:32) ~[mybatis-3.5.7.jar:3.5.7]
	at java.base/java.util.ArrayList.forEach(ArrayList.java:1511) ~[na:na]
	at org.apache.ibatis.scripting.xmltags.MixedSqlNode.apply(MixedSqlNode.java:32) ~[mybatis-3.5.7.jar:3.5.7]
	at org.apache.ibatis.scripting.xmltags.IfSqlNode.apply(IfSqlNode.java:35) ~[mybatis-3.5.7.jar:3.5.7]
	at org.apache.ibatis.scripting.xmltags.MixedSqlNode.lambda$apply$0(MixedSqlNode.java:32) ~[mybatis-3.5.7.jar:3.5.7]
	at java.base/java.util.ArrayList.forEach(ArrayList.java:1511) ~[na:na]
	at org.apache.ibatis.scripting.xmltags.MixedSqlNode.apply(MixedSqlNode.java:32) ~[mybatis-3.5.7.jar:3.5.7]
	at org.apache.ibatis.scripting.xmltags.DynamicSqlSource.getBoundSql(DynamicSqlSource.java:39) ~[mybatis-3.5.7.jar:3.5.7]
	at org.apache.ibatis.mapping.MappedStatement.getBoundSql(MappedStatement.java:305) ~[mybatis-3.5.7.jar:3.5.7]
	at com.baomidou.mybatisplus.extension.plugins.MybatisPlusInterceptor.intercept(MybatisPlusInterceptor.java:69) ~[mybatis-plus-extension-3.4.3.jar:3.4.3]
	at org.apache.ibatis.plugin.Plugin.invoke(Plugin.java:62) ~[mybatis-3.5.7.jar:3.5.7]
	at jdk.proxy2/jdk.proxy2.$Proxy131.query(Unknown Source) ~[na:na]
	at org.apache.ibatis.session.defaults.DefaultSqlSession.selectList(DefaultSqlSession.java:151) ~[mybatis-3.5.7.jar:3.5.7]
	at org.apache.ibatis.session.defaults.DefaultSqlSession.selectList(DefaultSqlSession.java:145) ~[mybatis-3.5.7.jar:3.5.7]
	at org.apache.ibatis.session.defaults.DefaultSqlSession.selectList(DefaultSqlSession.java:140) ~[mybatis-3.5.7.jar:3.5.7]
	at org.apache.ibatis.session.defaults.DefaultSqlSession.selectOne(DefaultSqlSession.java:76) ~[mybatis-3.5.7.jar:3.5.7]
	at java.base/jdk.internal.reflect.NativeMethodAccessorImpl.invoke0(Native Method) ~[na:na]
	at java.base/jdk.internal.reflect.NativeMethodAccessorImpl.invoke(NativeMethodAccessorImpl.java:77) ~[na:na]
	at java.base/jdk.internal.reflect.DelegatingMethodAccessorImpl.invoke(DelegatingMethodAccessorImpl.java:43) ~[na:na]
	at java.base/java.lang.reflect.Method.invoke(Method.java:568) ~[na:na]
	at org.mybatis.spring.SqlSessionTemplate$SqlSessionInterceptor.invoke(SqlSessionTemplate.java:427) ~[mybatis-spring-2.0.6.jar:2.0.6]
	... 65 common frames omitted
Caused by: org.apache.ibatis.ognl.OgnlException: sqlSegment
	at org.apache.ibatis.ognl.OgnlRuntime.getMethodValue(OgnlRuntime.java:2165) ~[mybatis-3.5.7.jar:3.5.7]
	at org.apache.ibatis.ognl.ObjectPropertyAccessor.getPossibleProperty(ObjectPropertyAccessor.java:66) ~[mybatis-3.5.7.jar:3.5.7]
	at org.apache.ibatis.ognl.ObjectPropertyAccessor.getProperty(ObjectPropertyAccessor.java:160) ~[mybatis-3.5.7.jar:3.5.7]
	at org.apache.ibatis.ognl.OgnlRuntime.getProperty(OgnlRuntime.java:3373) ~[mybatis-3.5.7.jar:3.5.7]
	at org.apache.ibatis.ognl.ASTProperty.getValueBody(ASTProperty.java:121) ~[mybatis-3.5.7.jar:3.5.7]
	at org.apache.ibatis.ognl.SimpleNode.evaluateGetValueBody(SimpleNode.java:212) ~[mybatis-3.5.7.jar:3.5.7]
	at org.apache.ibatis.ognl.SimpleNode.getValue(SimpleNode.java:258) ~[mybatis-3.5.7.jar:3.5.7]
	at org.apache.ibatis.ognl.ASTChain.getValueBody(ASTChain.java:141) ~[mybatis-3.5.7.jar:3.5.7]
	at org.apache.ibatis.ognl.SimpleNode.evaluateGetValueBody(SimpleNode.java:212) ~[mybatis-3.5.7.jar:3.5.7]
	at org.apache.ibatis.ognl.SimpleNode.getValue(SimpleNode.java:258) ~[mybatis-3.5.7.jar:3.5.7]
	at org.apache.ibatis.ognl.ASTNotEq.getValueBody(ASTNotEq.java:50) ~[mybatis-3.5.7.jar:3.5.7]
	at org.apache.ibatis.ognl.SimpleNode.evaluateGetValueBody(SimpleNode.java:212) ~[mybatis-3.5.7.jar:3.5.7]
	at org.apache.ibatis.ognl.SimpleNode.getValue(SimpleNode.java:258) ~[mybatis-3.5.7.jar:3.5.7]
	at org.apache.ibatis.ognl.ASTAnd.getValueBody(ASTAnd.java:61) ~[mybatis-3.5.7.jar:3.5.7]
	at org.apache.ibatis.ognl.SimpleNode.evaluateGetValueBody(SimpleNode.java:212) ~[mybatis-3.5.7.jar:3.5.7]
	at org.apache.ibatis.ognl.SimpleNode.getValue(SimpleNode.java:258) ~[mybatis-3.5.7.jar:3.5.7]
	at org.apache.ibatis.ognl.Ognl.getValue(Ognl.java:586) ~[mybatis-3.5.7.jar:3.5.7]
	at org.apache.ibatis.ognl.Ognl.getValue(Ognl.java:550) ~[mybatis-3.5.7.jar:3.5.7]
	at org.apache.ibatis.scripting.xmltags.OgnlCache.getValue(OgnlCache.java:46) ~[mybatis-3.5.7.jar:3.5.7]
	... 92 common frames omitted
Caused by: java.lang.ExceptionInInitializerError: null
	at com.baomidou.mybatisplus.core.toolkit.LambdaUtils.extract(LambdaUtils.java:55) ~[mybatis-plus-core-3.4.3.jar:3.4.3]
	at com.baomidou.mybatisplus.core.conditions.AbstractLambdaWrapper.getColumnCache(AbstractLambdaWrapper.java:75) ~[mybatis-plus-core-3.4.3.jar:3.4.3]
	at com.baomidou.mybatisplus.core.conditions.AbstractLambdaWrapper.columnToString(AbstractLambdaWrapper.java:62) ~[mybatis-plus-core-3.4.3.jar:3.4.3]
	at com.baomidou.mybatisplus.core.conditions.AbstractLambdaWrapper.columnToString(AbstractLambdaWrapper.java:58) ~[mybatis-plus-core-3.4.3.jar:3.4.3]
	at com.baomidou.mybatisplus.core.conditions.AbstractLambdaWrapper.columnToString(AbstractLambdaWrapper.java:38) ~[mybatis-plus-core-3.4.3.jar:3.4.3]
	at com.baomidou.mybatisplus.core.conditions.AbstractWrapper.lambda$columnToSqlSegment$a3f115af$1(AbstractWrapper.java:575) ~[mybatis-plus-core-3.4.3.jar:3.4.3]
	at java.base/java.util.stream.ReferencePipeline$3$1.accept(ReferencePipeline.java:197) ~[na:na]
	at java.base/java.util.ArrayList$ArrayListSpliterator.forEachRemaining(ArrayList.java:1625) ~[na:na]
	at java.base/java.util.stream.AbstractPipeline.copyInto(AbstractPipeline.java:509) ~[na:na]
	at java.base/java.util.stream.AbstractPipeline.wrapAndCopyInto(AbstractPipeline.java:499) ~[na:na]
	at java.base/java.util.stream.ReduceOps$ReduceOp.evaluateSequential(ReduceOps.java:921) ~[na:na]
	at java.base/java.util.stream.AbstractPipeline.evaluate(AbstractPipeline.java:234) ~[na:na]
	at java.base/java.util.stream.ReferencePipeline.collect(ReferencePipeline.java:682) ~[na:na]
	at com.baomidou.mybatisplus.core.conditions.segments.NormalSegmentList.childrenSqlSegment(NormalSegmentList.java:89) ~[mybatis-plus-core-3.4.3.jar:3.4.3]
	at com.baomidou.mybatisplus.core.conditions.segments.AbstractISegmentList.getSqlSegment(AbstractISegmentList.java:103) ~[mybatis-plus-core-3.4.3.jar:3.4.3]
	at com.baomidou.mybatisplus.core.conditions.segments.MergeSegments.getSqlSegment(MergeSegments.java:72) ~[mybatis-plus-core-3.4.3.jar:3.4.3]
	at com.baomidou.mybatisplus.core.conditions.AbstractWrapper.getSqlSegment(AbstractWrapper.java:525) ~[mybatis-plus-core-3.4.3.jar:3.4.3]
	at java.base/jdk.internal.reflect.NativeMethodAccessorImpl.invoke0(Native Method) ~[na:na]
	at java.base/jdk.internal.reflect.NativeMethodAccessorImpl.invoke(NativeMethodAccessorImpl.java:77) ~[na:na]
	at java.base/jdk.internal.reflect.DelegatingMethodAccessorImpl.invoke(DelegatingMethodAccessorImpl.java:43) ~[na:na]
	at java.base/java.lang.reflect.Method.invoke(Method.java:568) ~[na:na]
	at org.apache.ibatis.ognl.OgnlRuntime.invokeMethodInsideSandbox(OgnlRuntime.java:1266) ~[mybatis-3.5.7.jar:3.5.7]
	at org.apache.ibatis.ognl.OgnlRuntime.invokeMethod(OgnlRuntime.java:1251) ~[mybatis-3.5.7.jar:3.5.7]
	at org.apache.ibatis.ognl.OgnlRuntime.getMethodValue(OgnlRuntime.java:2163) ~[mybatis-3.5.7.jar:3.5.7]
	... 110 common frames omitted
Caused by: java.lang.reflect.InaccessibleObjectException: Unable to make field private final java.lang.Class java.lang.invoke.SerializedLambda.capturingClass accessible: module java.base does not "opens java.lang.invoke" to unnamed module @1aa7ecca
	at java.base/java.lang.reflect.AccessibleObject.checkCanSetAccessible(AccessibleObject.java:354) ~[na:na]
	at java.base/java.lang.reflect.AccessibleObject.checkCanSetAccessible(AccessibleObject.java:297) ~[na:na]
	at java.base/java.lang.reflect.Field.checkCanSetAccessible(Field.java:178) ~[na:na]
	at java.base/java.lang.reflect.Field.setAccessible(Field.java:172) ~[na:na]
	at com.baomidou.mybatisplus.core.toolkit.SetAccessibleAction.run(SetAccessibleAction.java:18) ~[mybatis-plus-core-3.4.3.jar:3.4.3]
	at com.baomidou.mybatisplus.core.toolkit.SetAccessibleAction.run(SetAccessibleAction.java:9) ~[mybatis-plus-core-3.4.3.jar:3.4.3]
	at java.base/java.security.AccessController.doPrivileged(AccessController.java:318) ~[na:na]
	at com.baomidou.mybatisplus.core.toolkit.ReflectionKit.setAccessible(ReflectionKit.java:203) ~[mybatis-plus-core-3.4.3.jar:3.4.3]
	at com.baomidou.mybatisplus.core.toolkit.support.SerializedLambdaMeta.<clinit>(SerializedLambdaMeta.java:19) ~[mybatis-plus-core-3.4.3.jar:3.4.3]
	... 134 common frames omitted

16:32:07:668 ERROR 39732 --- [http-nio-8080-exec-3] c.h.common.advice.CommonExceptionAdvice  : 其他异常 uri : /users/login -> 

org.mybatis.spring.MyBatisSystemException: nested exception is org.apache.ibatis.builder.BuilderException: Error evaluating expression 'ew.sqlSegment != null and ew.sqlSegment != '' and ew.nonEmptyOfWhere'. Cause: org.apache.ibatis.ognl.OgnlException: sqlSegment [java.lang.NoClassDefFoundError: Could not initialize class com.baomidou.mybatisplus.core.toolkit.support.SerializedLambdaMeta]
	at org.mybatis.spring.MyBatisExceptionTranslator.translateExceptionIfPossible(MyBatisExceptionTranslator.java:96) ~[mybatis-spring-2.0.6.jar:2.0.6]
	at org.mybatis.spring.SqlSessionTemplate$SqlSessionInterceptor.invoke(SqlSessionTemplate.java:441) ~[mybatis-spring-2.0.6.jar:2.0.6]
	at jdk.proxy2/jdk.proxy2.$Proxy87.selectOne(Unknown Source) ~[na:na]
	at org.mybatis.spring.SqlSessionTemplate.selectOne(SqlSessionTemplate.java:160) ~[mybatis-spring-2.0.6.jar:2.0.6]
	at com.baomidou.mybatisplus.core.override.MybatisMapperMethod.execute(MybatisMapperMethod.java:89) ~[mybatis-plus-core-3.4.3.jar:3.4.3]
	at com.baomidou.mybatisplus.core.override.MybatisMapperProxy$PlainMethodInvoker.invoke(MybatisMapperProxy.java:148) ~[mybatis-plus-core-3.4.3.jar:3.4.3]
	at com.baomidou.mybatisplus.core.override.MybatisMapperProxy.invoke(MybatisMapperProxy.java:89) ~[mybatis-plus-core-3.4.3.jar:3.4.3]
	at jdk.proxy2/jdk.proxy2.$Proxy99.selectOne(Unknown Source) ~[na:na]
	at com.baomidou.mybatisplus.extension.conditions.query.ChainQuery.one(ChainQuery.java:48) ~[mybatis-plus-extension-3.4.3.jar:3.4.3]
	at com.hmall.service.impl.UserServiceImpl.login(UserServiceImpl.java:46) ~[classes/:na]
	at com.hmall.service.impl.UserServiceImpl$$FastClassBySpringCGLIB$$84609514.invoke(<generated>) ~[classes/:na]
	at org.springframework.cglib.proxy.MethodProxy.invoke(MethodProxy.java:218) ~[spring-core-5.3.27.jar:5.3.27]
	at org.springframework.aop.framework.CglibAopProxy.invokeMethod(CglibAopProxy.java:386) ~[spring-aop-5.3.27.jar:5.3.27]
	at org.springframework.aop.framework.CglibAopProxy.access$000(CglibAopProxy.java:85) ~[spring-aop-5.3.27.jar:5.3.27]
	at org.springframework.aop.framework.CglibAopProxy$DynamicAdvisedInterceptor.intercept(CglibAopProxy.java:704) ~[spring-aop-5.3.27.jar:5.3.27]
	at com.hmall.service.impl.UserServiceImpl$$EnhancerBySpringCGLIB$$80d4d314.login(<generated>) ~[classes/:na]
	at com.hmall.controller.UserController.login(UserController.java:25) ~[classes/:na]
	at java.base/jdk.internal.reflect.NativeMethodAccessorImpl.invoke0(Native Method) ~[na:na]
	at java.base/jdk.internal.reflect.NativeMethodAccessorImpl.invoke(NativeMethodAccessorImpl.java:77) ~[na:na]
	at java.base/jdk.internal.reflect.DelegatingMethodAccessorImpl.invoke(DelegatingMethodAccessorImpl.java:43) ~[na:na]
	at java.base/java.lang.reflect.Method.invoke(Method.java:568) ~[na:na]
	at org.springframework.web.method.support.InvocableHandlerMethod.doInvoke(InvocableHandlerMethod.java:205) ~[spring-web-5.3.27.jar:5.3.27]
	at org.springframework.web.method.support.InvocableHandlerMethod.invokeForRequest(InvocableHandlerMethod.java:150) ~[spring-web-5.3.27.jar:5.3.27]
	at org.springframework.web.servlet.mvc.method.annotation.ServletInvocableHandlerMethod.invokeAndHandle(ServletInvocableHandlerMethod.java:117) ~[spring-webmvc-5.3.27.jar:5.3.27]
	at org.springframework.web.servlet.mvc.method.annotation.RequestMappingHandlerAdapter.invokeHandlerMethod(RequestMappingHandlerAdapter.java:895) ~[spring-webmvc-5.3.27.jar:5.3.27]
	at org.springframework.web.servlet.mvc.method.annotation.RequestMappingHandlerAdapter.handleInternal(RequestMappingHandlerAdapter.java:808) ~[spring-webmvc-5.3.27.jar:5.3.27]
	at org.springframework.web.servlet.mvc.method.AbstractHandlerMethodAdapter.handle(AbstractHandlerMethodAdapter.java:87) ~[spring-webmvc-5.3.27.jar:5.3.27]
	at org.springframework.web.servlet.DispatcherServlet.doDispatch(DispatcherServlet.java:1072) ~[spring-webmvc-5.3.27.jar:5.3.27]
	at org.springframework.web.servlet.DispatcherServlet.doService(DispatcherServlet.java:965) ~[spring-webmvc-5.3.27.jar:5.3.27]
	at org.springframework.web.servlet.FrameworkServlet.processRequest(FrameworkServlet.java:1006) ~[spring-webmvc-5.3.27.jar:5.3.27]
	at org.springframework.web.servlet.FrameworkServlet.doPost(FrameworkServlet.java:909) ~[spring-webmvc-5.3.27.jar:5.3.27]
	at javax.servlet.http.HttpServlet.service(HttpServlet.java:555) ~[tomcat-embed-core-9.0.75.jar:4.0.FR]
	at org.springframework.web.servlet.FrameworkServlet.service(FrameworkServlet.java:883) ~[spring-webmvc-5.3.27.jar:5.3.27]
	at javax.servlet.http.HttpServlet.service(HttpServlet.java:623) ~[tomcat-embed-core-9.0.75.jar:4.0.FR]
	at org.apache.catalina.core.ApplicationFilterChain.internalDoFilter(ApplicationFilterChain.java:209) ~[tomcat-embed-core-9.0.75.jar:9.0.75]
	at org.apache.catalina.core.ApplicationFilterChain.doFilter(ApplicationFilterChain.java:153) ~[tomcat-embed-core-9.0.75.jar:9.0.75]
	at org.apache.tomcat.websocket.server.WsFilter.doFilter(WsFilter.java:51) ~[tomcat-embed-websocket-9.0.75.jar:9.0.75]
	at org.apache.catalina.core.ApplicationFilterChain.internalDoFilter(ApplicationFilterChain.java:178) ~[tomcat-embed-core-9.0.75.jar:9.0.75]
	at org.apache.catalina.core.ApplicationFilterChain.doFilter(ApplicationFilterChain.java:153) ~[tomcat-embed-core-9.0.75.jar:9.0.75]
	at org.springframework.web.filter.RequestContextFilter.doFilterInternal(RequestContextFilter.java:100) ~[spring-web-5.3.27.jar:5.3.27]
	at org.springframework.web.filter.OncePerRequestFilter.doFilter(OncePerRequestFilter.java:117) ~[spring-web-5.3.27.jar:5.3.27]
	at org.apache.catalina.core.ApplicationFilterChain.internalDoFilter(ApplicationFilterChain.java:178) ~[tomcat-embed-core-9.0.75.jar:9.0.75]
	at org.apache.catalina.core.ApplicationFilterChain.doFilter(ApplicationFilterChain.java:153) ~[tomcat-embed-core-9.0.75.jar:9.0.75]
	at org.springframework.web.filter.FormContentFilter.doFilterInternal(FormContentFilter.java:93) ~[spring-web-5.3.27.jar:5.3.27]
	at org.springframework.web.filter.OncePerRequestFilter.doFilter(OncePerRequestFilter.java:117) ~[spring-web-5.3.27.jar:5.3.27]
	at org.apache.catalina.core.ApplicationFilterChain.internalDoFilter(ApplicationFilterChain.java:178) ~[tomcat-embed-core-9.0.75.jar:9.0.75]
	at org.apache.catalina.core.ApplicationFilterChain.doFilter(ApplicationFilterChain.java:153) ~[tomcat-embed-core-9.0.75.jar:9.0.75]
	at org.springframework.web.filter.CharacterEncodingFilter.doFilterInternal(CharacterEncodingFilter.java:201) ~[spring-web-5.3.27.jar:5.3.27]
	at org.springframework.web.filter.OncePerRequestFilter.doFilter(OncePerRequestFilter.java:117) ~[spring-web-5.3.27.jar:5.3.27]
	at org.apache.catalina.core.ApplicationFilterChain.internalDoFilter(ApplicationFilterChain.java:178) ~[tomcat-embed-core-9.0.75.jar:9.0.75]
	at org.apache.catalina.core.ApplicationFilterChain.doFilter(ApplicationFilterChain.java:153) ~[tomcat-embed-core-9.0.75.jar:9.0.75]
	at org.apache.catalina.core.StandardWrapperValve.invoke(StandardWrapperValve.java:167) ~[tomcat-embed-core-9.0.75.jar:9.0.75]
	at org.apache.catalina.core.StandardContextValve.invoke(StandardContextValve.java:90) ~[tomcat-embed-core-9.0.75.jar:9.0.75]
	at org.apache.catalina.authenticator.AuthenticatorBase.invoke(AuthenticatorBase.java:481) ~[tomcat-embed-core-9.0.75.jar:9.0.75]
	at org.apache.catalina.core.StandardHostValve.invoke(StandardHostValve.java:130) ~[tomcat-embed-core-9.0.75.jar:9.0.75]
	at org.apache.catalina.valves.ErrorReportValve.invoke(ErrorReportValve.java:93) ~[tomcat-embed-core-9.0.75.jar:9.0.75]
	at org.apache.catalina.core.StandardEngineValve.invoke(StandardEngineValve.java:74) ~[tomcat-embed-core-9.0.75.jar:9.0.75]
	at org.apache.catalina.connector.CoyoteAdapter.service(CoyoteAdapter.java:343) ~[tomcat-embed-core-9.0.75.jar:9.0.75]
	at org.apache.coyote.http11.Http11Processor.service(Http11Processor.java:390) ~[tomcat-embed-core-9.0.75.jar:9.0.75]
	at org.apache.coyote.AbstractProcessorLight.process(AbstractProcessorLight.java:63) ~[tomcat-embed-core-9.0.75.jar:9.0.75]
	at org.apache.coyote.AbstractProtocol$ConnectionHandler.process(AbstractProtocol.java:926) ~[tomcat-embed-core-9.0.75.jar:9.0.75]
	at org.apache.tomcat.util.net.NioEndpoint$SocketProcessor.doRun(NioEndpoint.java:1791) ~[tomcat-embed-core-9.0.75.jar:9.0.75]
	at org.apache.tomcat.util.net.SocketProcessorBase.run(SocketProcessorBase.java:52) ~[tomcat-embed-core-9.0.75.jar:9.0.75]
	at org.apache.tomcat.util.threads.ThreadPoolExecutor.runWorker(ThreadPoolExecutor.java:1191) ~[tomcat-embed-core-9.0.75.jar:9.0.75]
	at org.apache.tomcat.util.threads.ThreadPoolExecutor$Worker.run(ThreadPoolExecutor.java:659) ~[tomcat-embed-core-9.0.75.jar:9.0.75]
	at org.apache.tomcat.util.threads.TaskThread$WrappingRunnable.run(TaskThread.java:61) ~[tomcat-embed-core-9.0.75.jar:9.0.75]
	at java.base/java.lang.Thread.run(Thread.java:833) ~[na:na]
Caused by: org.apache.ibatis.builder.BuilderException: Error evaluating expression 'ew.sqlSegment != null and ew.sqlSegment != '' and ew.nonEmptyOfWhere'. Cause: org.apache.ibatis.ognl.OgnlException: sqlSegment [java.lang.NoClassDefFoundError: Could not initialize class com.baomidou.mybatisplus.core.toolkit.support.SerializedLambdaMeta]
	at org.apache.ibatis.scripting.xmltags.OgnlCache.getValue(OgnlCache.java:48) ~[mybatis-3.5.7.jar:3.5.7]
	at org.apache.ibatis.scripting.xmltags.ExpressionEvaluator.evaluateBoolean(ExpressionEvaluator.java:32) ~[mybatis-3.5.7.jar:3.5.7]
	at org.apache.ibatis.scripting.xmltags.IfSqlNode.apply(IfSqlNode.java:34) ~[mybatis-3.5.7.jar:3.5.7]
	at org.apache.ibatis.scripting.xmltags.MixedSqlNode.lambda$apply$0(MixedSqlNode.java:32) ~[mybatis-3.5.7.jar:3.5.7]
	at java.base/java.util.ArrayList.forEach(ArrayList.java:1511) ~[na:na]
	at org.apache.ibatis.scripting.xmltags.MixedSqlNode.apply(MixedSqlNode.java:32) ~[mybatis-3.5.7.jar:3.5.7]
	at org.apache.ibatis.scripting.xmltags.TrimSqlNode.apply(TrimSqlNode.java:55) ~[mybatis-3.5.7.jar:3.5.7]
	at org.apache.ibatis.scripting.xmltags.MixedSqlNode.lambda$apply$0(MixedSqlNode.java:32) ~[mybatis-3.5.7.jar:3.5.7]
	at java.base/java.util.ArrayList.forEach(ArrayList.java:1511) ~[na:na]
	at org.apache.ibatis.scripting.xmltags.MixedSqlNode.apply(MixedSqlNode.java:32) ~[mybatis-3.5.7.jar:3.5.7]
	at org.apache.ibatis.scripting.xmltags.IfSqlNode.apply(IfSqlNode.java:35) ~[mybatis-3.5.7.jar:3.5.7]
	at org.apache.ibatis.scripting.xmltags.MixedSqlNode.lambda$apply$0(MixedSqlNode.java:32) ~[mybatis-3.5.7.jar:3.5.7]
	at java.base/java.util.ArrayList.forEach(ArrayList.java:1511) ~[na:na]
	at org.apache.ibatis.scripting.xmltags.MixedSqlNode.apply(MixedSqlNode.java:32) ~[mybatis-3.5.7.jar:3.5.7]
	at org.apache.ibatis.scripting.xmltags.DynamicSqlSource.getBoundSql(DynamicSqlSource.java:39) ~[mybatis-3.5.7.jar:3.5.7]
	at org.apache.ibatis.mapping.MappedStatement.getBoundSql(MappedStatement.java:305) ~[mybatis-3.5.7.jar:3.5.7]
	at com.baomidou.mybatisplus.extension.plugins.MybatisPlusInterceptor.intercept(MybatisPlusInterceptor.java:69) ~[mybatis-plus-extension-3.4.3.jar:3.4.3]
	at org.apache.ibatis.plugin.Plugin.invoke(Plugin.java:62) ~[mybatis-3.5.7.jar:3.5.7]
	at jdk.proxy2/jdk.proxy2.$Proxy131.query(Unknown Source) ~[na:na]
	at org.apache.ibatis.session.defaults.DefaultSqlSession.selectList(DefaultSqlSession.java:151) ~[mybatis-3.5.7.jar:3.5.7]
	at org.apache.ibatis.session.defaults.DefaultSqlSession.selectList(DefaultSqlSession.java:145) ~[mybatis-3.5.7.jar:3.5.7]
	at org.apache.ibatis.session.defaults.DefaultSqlSession.selectList(DefaultSqlSession.java:140) ~[mybatis-3.5.7.jar:3.5.7]
	at org.apache.ibatis.session.defaults.DefaultSqlSession.selectOne(DefaultSqlSession.java:76) ~[mybatis-3.5.7.jar:3.5.7]
	at java.base/jdk.internal.reflect.NativeMethodAccessorImpl.invoke0(Native Method) ~[na:na]
	at java.base/jdk.internal.reflect.NativeMethodAccessorImpl.invoke(NativeMethodAccessorImpl.java:77) ~[na:na]
	at java.base/jdk.internal.reflect.DelegatingMethodAccessorImpl.invoke(DelegatingMethodAccessorImpl.java:43) ~[na:na]
	at java.base/java.lang.reflect.Method.invoke(Method.java:568) ~[na:na]
	at org.mybatis.spring.SqlSessionTemplate$SqlSessionInterceptor.invoke(SqlSessionTemplate.java:427) ~[mybatis-spring-2.0.6.jar:2.0.6]
	... 65 common frames omitted
Caused by: org.apache.ibatis.ognl.OgnlException: sqlSegment
	at org.apache.ibatis.ognl.OgnlRuntime.getMethodValue(OgnlRuntime.java:2165) ~[mybatis-3.5.7.jar:3.5.7]
	at org.apache.ibatis.ognl.ObjectPropertyAccessor.getPossibleProperty(ObjectPropertyAccessor.java:66) ~[mybatis-3.5.7.jar:3.5.7]
	at org.apache.ibatis.ognl.ObjectPropertyAccessor.getProperty(ObjectPropertyAccessor.java:160) ~[mybatis-3.5.7.jar:3.5.7]
	at org.apache.ibatis.ognl.OgnlRuntime.getProperty(OgnlRuntime.java:3373) ~[mybatis-3.5.7.jar:3.5.7]
	at org.apache.ibatis.ognl.ASTProperty.getValueBody(ASTProperty.java:121) ~[mybatis-3.5.7.jar:3.5.7]
	at org.apache.ibatis.ognl.SimpleNode.evaluateGetValueBody(SimpleNode.java:212) ~[mybatis-3.5.7.jar:3.5.7]
	at org.apache.ibatis.ognl.SimpleNode.getValue(SimpleNode.java:258) ~[mybatis-3.5.7.jar:3.5.7]
	at org.apache.ibatis.ognl.ASTChain.getValueBody(ASTChain.java:141) ~[mybatis-3.5.7.jar:3.5.7]
	at org.apache.ibatis.ognl.SimpleNode.evaluateGetValueBody(SimpleNode.java:212) ~[mybatis-3.5.7.jar:3.5.7]
	at org.apache.ibatis.ognl.SimpleNode.getValue(SimpleNode.java:258) ~[mybatis-3.5.7.jar:3.5.7]
	at org.apache.ibatis.ognl.ASTNotEq.getValueBody(ASTNotEq.java:50) ~[mybatis-3.5.7.jar:3.5.7]
	at org.apache.ibatis.ognl.SimpleNode.evaluateGetValueBody(SimpleNode.java:212) ~[mybatis-3.5.7.jar:3.5.7]
	at org.apache.ibatis.ognl.SimpleNode.getValue(SimpleNode.java:258) ~[mybatis-3.5.7.jar:3.5.7]
	at org.apache.ibatis.ognl.ASTAnd.getValueBody(ASTAnd.java:61) ~[mybatis-3.5.7.jar:3.5.7]
	at org.apache.ibatis.ognl.SimpleNode.evaluateGetValueBody(SimpleNode.java:212) ~[mybatis-3.5.7.jar:3.5.7]
	at org.apache.ibatis.ognl.SimpleNode.getValue(SimpleNode.java:258) ~[mybatis-3.5.7.jar:3.5.7]
	at org.apache.ibatis.ognl.Ognl.getValue(Ognl.java:586) ~[mybatis-3.5.7.jar:3.5.7]
	at org.apache.ibatis.ognl.Ognl.getValue(Ognl.java:550) ~[mybatis-3.5.7.jar:3.5.7]
	at org.apache.ibatis.scripting.xmltags.OgnlCache.getValue(OgnlCache.java:46) ~[mybatis-3.5.7.jar:3.5.7]
	... 92 common frames omitted
Caused by: java.lang.NoClassDefFoundError: Could not initialize class com.baomidou.mybatisplus.core.toolkit.support.SerializedLambdaMeta
	at com.baomidou.mybatisplus.core.toolkit.LambdaUtils.extract(LambdaUtils.java:55) ~[mybatis-plus-core-3.4.3.jar:3.4.3]
	at com.baomidou.mybatisplus.core.conditions.AbstractLambdaWrapper.getColumnCache(AbstractLambdaWrapper.java:75) ~[mybatis-plus-core-3.4.3.jar:3.4.3]
	at com.baomidou.mybatisplus.core.conditions.AbstractLambdaWrapper.columnToString(AbstractLambdaWrapper.java:62) ~[mybatis-plus-core-3.4.3.jar:3.4.3]
	at com.baomidou.mybatisplus.core.conditions.AbstractLambdaWrapper.columnToString(AbstractLambdaWrapper.java:58) ~[mybatis-plus-core-3.4.3.jar:3.4.3]
	at com.baomidou.mybatisplus.core.conditions.AbstractLambdaWrapper.columnToString(AbstractLambdaWrapper.java:38) ~[mybatis-plus-core-3.4.3.jar:3.4.3]
	at com.baomidou.mybatisplus.core.conditions.AbstractWrapper.lambda$columnToSqlSegment$a3f115af$1(AbstractWrapper.java:575) ~[mybatis-plus-core-3.4.3.jar:3.4.3]
	at java.base/java.util.stream.ReferencePipeline$3$1.accept(ReferencePipeline.java:197) ~[na:na]
	at java.base/java.util.ArrayList$ArrayListSpliterator.forEachRemaining(ArrayList.java:1625) ~[na:na]
	at java.base/java.util.stream.AbstractPipeline.copyInto(AbstractPipeline.java:509) ~[na:na]
	at java.base/java.util.stream.AbstractPipeline.wrapAndCopyInto(AbstractPipeline.java:499) ~[na:na]
	at java.base/java.util.stream.ReduceOps$ReduceOp.evaluateSequential(ReduceOps.java:921) ~[na:na]
	at java.base/java.util.stream.AbstractPipeline.evaluate(AbstractPipeline.java:234) ~[na:na]
	at java.base/java.util.stream.ReferencePipeline.collect(ReferencePipeline.java:682) ~[na:na]
	at com.baomidou.mybatisplus.core.conditions.segments.NormalSegmentList.childrenSqlSegment(NormalSegmentList.java:89) ~[mybatis-plus-core-3.4.3.jar:3.4.3]
	at com.baomidou.mybatisplus.core.conditions.segments.AbstractISegmentList.getSqlSegment(AbstractISegmentList.java:103) ~[mybatis-plus-core-3.4.3.jar:3.4.3]
	at com.baomidou.mybatisplus.core.conditions.segments.MergeSegments.getSqlSegment(MergeSegments.java:72) ~[mybatis-plus-core-3.4.3.jar:3.4.3]
	at com.baomidou.mybatisplus.core.conditions.AbstractWrapper.getSqlSegment(AbstractWrapper.java:525) ~[mybatis-plus-core-3.4.3.jar:3.4.3]
	at java.base/jdk.internal.reflect.NativeMethodAccessorImpl.invoke0(Native Method) ~[na:na]
	at java.base/jdk.internal.reflect.NativeMethodAccessorImpl.invoke(NativeMethodAccessorImpl.java:77) ~[na:na]
	at java.base/jdk.internal.reflect.DelegatingMethodAccessorImpl.invoke(DelegatingMethodAccessorImpl.java:43) ~[na:na]
	at java.base/java.lang.reflect.Method.invoke(Method.java:568) ~[na:na]
	at org.apache.ibatis.ognl.OgnlRuntime.invokeMethodInsideSandbox(OgnlRuntime.java:1266) ~[mybatis-3.5.7.jar:3.5.7]
	at org.apache.ibatis.ognl.OgnlRuntime.invokeMethod(OgnlRuntime.java:1251) ~[mybatis-3.5.7.jar:3.5.7]
	at org.apache.ibatis.ognl.OgnlRuntime.getMethodValue(OgnlRuntime.java:2163) ~[mybatis-3.5.7.jar:3.5.7]
	... 110 common frames omitted

16:32:38:237 ERROR 39732 --- [http-nio-8080-exec-2] c.h.common.advice.CommonExceptionAdvice  : 其他异常 uri : /users/login -> 

org.mybatis.spring.MyBatisSystemException: nested exception is org.apache.ibatis.builder.BuilderException: Error evaluating expression 'ew.sqlSegment != null and ew.sqlSegment != '' and ew.nonEmptyOfWhere'. Cause: org.apache.ibatis.ognl.OgnlException: sqlSegment [java.lang.NoClassDefFoundError: Could not initialize class com.baomidou.mybatisplus.core.toolkit.support.SerializedLambdaMeta]
	at org.mybatis.spring.MyBatisExceptionTranslator.translateExceptionIfPossible(MyBatisExceptionTranslator.java:96) ~[mybatis-spring-2.0.6.jar:2.0.6]
	at org.mybatis.spring.SqlSessionTemplate$SqlSessionInterceptor.invoke(SqlSessionTemplate.java:441) ~[mybatis-spring-2.0.6.jar:2.0.6]
	at jdk.proxy2/jdk.proxy2.$Proxy87.selectOne(Unknown Source) ~[na:na]
	at org.mybatis.spring.SqlSessionTemplate.selectOne(SqlSessionTemplate.java:160) ~[mybatis-spring-2.0.6.jar:2.0.6]
	at com.baomidou.mybatisplus.core.override.MybatisMapperMethod.execute(MybatisMapperMethod.java:89) ~[mybatis-plus-core-3.4.3.jar:3.4.3]
	at com.baomidou.mybatisplus.core.override.MybatisMapperProxy$PlainMethodInvoker.invoke(MybatisMapperProxy.java:148) ~[mybatis-plus-core-3.4.3.jar:3.4.3]
	at com.baomidou.mybatisplus.core.override.MybatisMapperProxy.invoke(MybatisMapperProxy.java:89) ~[mybatis-plus-core-3.4.3.jar:3.4.3]
	at jdk.proxy2/jdk.proxy2.$Proxy99.selectOne(Unknown Source) ~[na:na]
	at com.baomidou.mybatisplus.extension.conditions.query.ChainQuery.one(ChainQuery.java:48) ~[mybatis-plus-extension-3.4.3.jar:3.4.3]
	at com.hmall.service.impl.UserServiceImpl.login(UserServiceImpl.java:46) ~[classes/:na]
	at com.hmall.service.impl.UserServiceImpl$$FastClassBySpringCGLIB$$84609514.invoke(<generated>) ~[classes/:na]
	at org.springframework.cglib.proxy.MethodProxy.invoke(MethodProxy.java:218) ~[spring-core-5.3.27.jar:5.3.27]
	at org.springframework.aop.framework.CglibAopProxy.invokeMethod(CglibAopProxy.java:386) ~[spring-aop-5.3.27.jar:5.3.27]
	at org.springframework.aop.framework.CglibAopProxy.access$000(CglibAopProxy.java:85) ~[spring-aop-5.3.27.jar:5.3.27]
	at org.springframework.aop.framework.CglibAopProxy$DynamicAdvisedInterceptor.intercept(CglibAopProxy.java:704) ~[spring-aop-5.3.27.jar:5.3.27]
	at com.hmall.service.impl.UserServiceImpl$$EnhancerBySpringCGLIB$$80d4d314.login(<generated>) ~[classes/:na]
	at com.hmall.controller.UserController.login(UserController.java:25) ~[classes/:na]
	at java.base/jdk.internal.reflect.NativeMethodAccessorImpl.invoke0(Native Method) ~[na:na]
	at java.base/jdk.internal.reflect.NativeMethodAccessorImpl.invoke(NativeMethodAccessorImpl.java:77) ~[na:na]
	at java.base/jdk.internal.reflect.DelegatingMethodAccessorImpl.invoke(DelegatingMethodAccessorImpl.java:43) ~[na:na]
	at java.base/java.lang.reflect.Method.invoke(Method.java:568) ~[na:na]
	at org.springframework.web.method.support.InvocableHandlerMethod.doInvoke(InvocableHandlerMethod.java:205) ~[spring-web-5.3.27.jar:5.3.27]
	at org.springframework.web.method.support.InvocableHandlerMethod.invokeForRequest(InvocableHandlerMethod.java:150) ~[spring-web-5.3.27.jar:5.3.27]
	at org.springframework.web.servlet.mvc.method.annotation.ServletInvocableHandlerMethod.invokeAndHandle(ServletInvocableHandlerMethod.java:117) ~[spring-webmvc-5.3.27.jar:5.3.27]
	at org.springframework.web.servlet.mvc.method.annotation.RequestMappingHandlerAdapter.invokeHandlerMethod(RequestMappingHandlerAdapter.java:895) ~[spring-webmvc-5.3.27.jar:5.3.27]
	at org.springframework.web.servlet.mvc.method.annotation.RequestMappingHandlerAdapter.handleInternal(RequestMappingHandlerAdapter.java:808) ~[spring-webmvc-5.3.27.jar:5.3.27]
	at org.springframework.web.servlet.mvc.method.AbstractHandlerMethodAdapter.handle(AbstractHandlerMethodAdapter.java:87) ~[spring-webmvc-5.3.27.jar:5.3.27]
	at org.springframework.web.servlet.DispatcherServlet.doDispatch(DispatcherServlet.java:1072) ~[spring-webmvc-5.3.27.jar:5.3.27]
	at org.springframework.web.servlet.DispatcherServlet.doService(DispatcherServlet.java:965) ~[spring-webmvc-5.3.27.jar:5.3.27]
	at org.springframework.web.servlet.FrameworkServlet.processRequest(FrameworkServlet.java:1006) ~[spring-webmvc-5.3.27.jar:5.3.27]
	at org.springframework.web.servlet.FrameworkServlet.doPost(FrameworkServlet.java:909) ~[spring-webmvc-5.3.27.jar:5.3.27]
	at javax.servlet.http.HttpServlet.service(HttpServlet.java:555) ~[tomcat-embed-core-9.0.75.jar:4.0.FR]
	at org.springframework.web.servlet.FrameworkServlet.service(FrameworkServlet.java:883) ~[spring-webmvc-5.3.27.jar:5.3.27]
	at javax.servlet.http.HttpServlet.service(HttpServlet.java:623) ~[tomcat-embed-core-9.0.75.jar:4.0.FR]
	at org.apache.catalina.core.ApplicationFilterChain.internalDoFilter(ApplicationFilterChain.java:209) ~[tomcat-embed-core-9.0.75.jar:9.0.75]
	at org.apache.catalina.core.ApplicationFilterChain.doFilter(ApplicationFilterChain.java:153) ~[tomcat-embed-core-9.0.75.jar:9.0.75]
	at org.apache.tomcat.websocket.server.WsFilter.doFilter(WsFilter.java:51) ~[tomcat-embed-websocket-9.0.75.jar:9.0.75]
	at org.apache.catalina.core.ApplicationFilterChain.internalDoFilter(ApplicationFilterChain.java:178) ~[tomcat-embed-core-9.0.75.jar:9.0.75]
	at org.apache.catalina.core.ApplicationFilterChain.doFilter(ApplicationFilterChain.java:153) ~[tomcat-embed-core-9.0.75.jar:9.0.75]
	at org.springframework.web.filter.RequestContextFilter.doFilterInternal(RequestContextFilter.java:100) ~[spring-web-5.3.27.jar:5.3.27]
	at org.springframework.web.filter.OncePerRequestFilter.doFilter(OncePerRequestFilter.java:117) ~[spring-web-5.3.27.jar:5.3.27]
	at org.apache.catalina.core.ApplicationFilterChain.internalDoFilter(ApplicationFilterChain.java:178) ~[tomcat-embed-core-9.0.75.jar:9.0.75]
	at org.apache.catalina.core.ApplicationFilterChain.doFilter(ApplicationFilterChain.java:153) ~[tomcat-embed-core-9.0.75.jar:9.0.75]
	at org.springframework.web.filter.FormContentFilter.doFilterInternal(FormContentFilter.java:93) ~[spring-web-5.3.27.jar:5.3.27]
	at org.springframework.web.filter.OncePerRequestFilter.doFilter(OncePerRequestFilter.java:117) ~[spring-web-5.3.27.jar:5.3.27]
	at org.apache.catalina.core.ApplicationFilterChain.internalDoFilter(ApplicationFilterChain.java:178) ~[tomcat-embed-core-9.0.75.jar:9.0.75]
	at org.apache.catalina.core.ApplicationFilterChain.doFilter(ApplicationFilterChain.java:153) ~[tomcat-embed-core-9.0.75.jar:9.0.75]
	at org.springframework.web.filter.CharacterEncodingFilter.doFilterInternal(CharacterEncodingFilter.java:201) ~[spring-web-5.3.27.jar:5.3.27]
	at org.springframework.web.filter.OncePerRequestFilter.doFilter(OncePerRequestFilter.java:117) ~[spring-web-5.3.27.jar:5.3.27]
	at org.apache.catalina.core.ApplicationFilterChain.internalDoFilter(ApplicationFilterChain.java:178) ~[tomcat-embed-core-9.0.75.jar:9.0.75]
	at org.apache.catalina.core.ApplicationFilterChain.doFilter(ApplicationFilterChain.java:153) ~[tomcat-embed-core-9.0.75.jar:9.0.75]
	at org.apache.catalina.core.StandardWrapperValve.invoke(StandardWrapperValve.java:167) ~[tomcat-embed-core-9.0.75.jar:9.0.75]
	at org.apache.catalina.core.StandardContextValve.invoke(StandardContextValve.java:90) ~[tomcat-embed-core-9.0.75.jar:9.0.75]
	at org.apache.catalina.authenticator.AuthenticatorBase.invoke(AuthenticatorBase.java:481) ~[tomcat-embed-core-9.0.75.jar:9.0.75]
	at org.apache.catalina.core.StandardHostValve.invoke(StandardHostValve.java:130) ~[tomcat-embed-core-9.0.75.jar:9.0.75]
	at org.apache.catalina.valves.ErrorReportValve.invoke(ErrorReportValve.java:93) ~[tomcat-embed-core-9.0.75.jar:9.0.75]
	at org.apache.catalina.core.StandardEngineValve.invoke(StandardEngineValve.java:74) ~[tomcat-embed-core-9.0.75.jar:9.0.75]
	at org.apache.catalina.connector.CoyoteAdapter.service(CoyoteAdapter.java:343) ~[tomcat-embed-core-9.0.75.jar:9.0.75]
	at org.apache.coyote.http11.Http11Processor.service(Http11Processor.java:390) ~[tomcat-embed-core-9.0.75.jar:9.0.75]
	at org.apache.coyote.AbstractProcessorLight.process(AbstractProcessorLight.java:63) ~[tomcat-embed-core-9.0.75.jar:9.0.75]
	at org.apache.coyote.AbstractProtocol$ConnectionHandler.process(AbstractProtocol.java:926) ~[tomcat-embed-core-9.0.75.jar:9.0.75]
	at org.apache.tomcat.util.net.NioEndpoint$SocketProcessor.doRun(NioEndpoint.java:1791) ~[tomcat-embed-core-9.0.75.jar:9.0.75]
	at org.apache.tomcat.util.net.SocketProcessorBase.run(SocketProcessorBase.java:52) ~[tomcat-embed-core-9.0.75.jar:9.0.75]
	at org.apache.tomcat.util.threads.ThreadPoolExecutor.runWorker(ThreadPoolExecutor.java:1191) ~[tomcat-embed-core-9.0.75.jar:9.0.75]
	at org.apache.tomcat.util.threads.ThreadPoolExecutor$Worker.run(ThreadPoolExecutor.java:659) ~[tomcat-embed-core-9.0.75.jar:9.0.75]
	at org.apache.tomcat.util.threads.TaskThread$WrappingRunnable.run(TaskThread.java:61) ~[tomcat-embed-core-9.0.75.jar:9.0.75]
	at java.base/java.lang.Thread.run(Thread.java:833) ~[na:na]
Caused by: org.apache.ibatis.builder.BuilderException: Error evaluating expression 'ew.sqlSegment != null and ew.sqlSegment != '' and ew.nonEmptyOfWhere'. Cause: org.apache.ibatis.ognl.OgnlException: sqlSegment [java.lang.NoClassDefFoundError: Could not initialize class com.baomidou.mybatisplus.core.toolkit.support.SerializedLambdaMeta]
	at org.apache.ibatis.scripting.xmltags.OgnlCache.getValue(OgnlCache.java:48) ~[mybatis-3.5.7.jar:3.5.7]
	at org.apache.ibatis.scripting.xmltags.ExpressionEvaluator.evaluateBoolean(ExpressionEvaluator.java:32) ~[mybatis-3.5.7.jar:3.5.7]
	at org.apache.ibatis.scripting.xmltags.IfSqlNode.apply(IfSqlNode.java:34) ~[mybatis-3.5.7.jar:3.5.7]
	at org.apache.ibatis.scripting.xmltags.MixedSqlNode.lambda$apply$0(MixedSqlNode.java:32) ~[mybatis-3.5.7.jar:3.5.7]
	at java.base/java.util.ArrayList.forEach(ArrayList.java:1511) ~[na:na]
	at org.apache.ibatis.scripting.xmltags.MixedSqlNode.apply(MixedSqlNode.java:32) ~[mybatis-3.5.7.jar:3.5.7]
	at org.apache.ibatis.scripting.xmltags.TrimSqlNode.apply(TrimSqlNode.java:55) ~[mybatis-3.5.7.jar:3.5.7]
	at org.apache.ibatis.scripting.xmltags.MixedSqlNode.lambda$apply$0(MixedSqlNode.java:32) ~[mybatis-3.5.7.jar:3.5.7]
	at java.base/java.util.ArrayList.forEach(ArrayList.java:1511) ~[na:na]
	at org.apache.ibatis.scripting.xmltags.MixedSqlNode.apply(MixedSqlNode.java:32) ~[mybatis-3.5.7.jar:3.5.7]
	at org.apache.ibatis.scripting.xmltags.IfSqlNode.apply(IfSqlNode.java:35) ~[mybatis-3.5.7.jar:3.5.7]
	at org.apache.ibatis.scripting.xmltags.MixedSqlNode.lambda$apply$0(MixedSqlNode.java:32) ~[mybatis-3.5.7.jar:3.5.7]
	at java.base/java.util.ArrayList.forEach(ArrayList.java:1511) ~[na:na]
	at org.apache.ibatis.scripting.xmltags.MixedSqlNode.apply(MixedSqlNode.java:32) ~[mybatis-3.5.7.jar:3.5.7]
	at org.apache.ibatis.scripting.xmltags.DynamicSqlSource.getBoundSql(DynamicSqlSource.java:39) ~[mybatis-3.5.7.jar:3.5.7]
	at org.apache.ibatis.mapping.MappedStatement.getBoundSql(MappedStatement.java:305) ~[mybatis-3.5.7.jar:3.5.7]
	at com.baomidou.mybatisplus.extension.plugins.MybatisPlusInterceptor.intercept(MybatisPlusInterceptor.java:69) ~[mybatis-plus-extension-3.4.3.jar:3.4.3]
	at org.apache.ibatis.plugin.Plugin.invoke(Plugin.java:62) ~[mybatis-3.5.7.jar:3.5.7]
	at jdk.proxy2/jdk.proxy2.$Proxy131.query(Unknown Source) ~[na:na]
	at org.apache.ibatis.session.defaults.DefaultSqlSession.selectList(DefaultSqlSession.java:151) ~[mybatis-3.5.7.jar:3.5.7]
	at org.apache.ibatis.session.defaults.DefaultSqlSession.selectList(DefaultSqlSession.java:145) ~[mybatis-3.5.7.jar:3.5.7]
	at org.apache.ibatis.session.defaults.DefaultSqlSession.selectList(DefaultSqlSession.java:140) ~[mybatis-3.5.7.jar:3.5.7]
	at org.apache.ibatis.session.defaults.DefaultSqlSession.selectOne(DefaultSqlSession.java:76) ~[mybatis-3.5.7.jar:3.5.7]
	at java.base/jdk.internal.reflect.NativeMethodAccessorImpl.invoke0(Native Method) ~[na:na]
	at java.base/jdk.internal.reflect.NativeMethodAccessorImpl.invoke(NativeMethodAccessorImpl.java:77) ~[na:na]
	at java.base/jdk.internal.reflect.DelegatingMethodAccessorImpl.invoke(DelegatingMethodAccessorImpl.java:43) ~[na:na]
	at java.base/java.lang.reflect.Method.invoke(Method.java:568) ~[na:na]
	at org.mybatis.spring.SqlSessionTemplate$SqlSessionInterceptor.invoke(SqlSessionTemplate.java:427) ~[mybatis-spring-2.0.6.jar:2.0.6]
	... 65 common frames omitted
Caused by: org.apache.ibatis.ognl.OgnlException: sqlSegment
	at org.apache.ibatis.ognl.OgnlRuntime.getMethodValue(OgnlRuntime.java:2165) ~[mybatis-3.5.7.jar:3.5.7]
	at org.apache.ibatis.ognl.ObjectPropertyAccessor.getPossibleProperty(ObjectPropertyAccessor.java:66) ~[mybatis-3.5.7.jar:3.5.7]
	at org.apache.ibatis.ognl.ObjectPropertyAccessor.getProperty(ObjectPropertyAccessor.java:160) ~[mybatis-3.5.7.jar:3.5.7]
	at org.apache.ibatis.ognl.OgnlRuntime.getProperty(OgnlRuntime.java:3373) ~[mybatis-3.5.7.jar:3.5.7]
	at org.apache.ibatis.ognl.ASTProperty.getValueBody(ASTProperty.java:121) ~[mybatis-3.5.7.jar:3.5.7]
	at org.apache.ibatis.ognl.SimpleNode.evaluateGetValueBody(SimpleNode.java:212) ~[mybatis-3.5.7.jar:3.5.7]
	at org.apache.ibatis.ognl.SimpleNode.getValue(SimpleNode.java:258) ~[mybatis-3.5.7.jar:3.5.7]
	at org.apache.ibatis.ognl.ASTChain.getValueBody(ASTChain.java:141) ~[mybatis-3.5.7.jar:3.5.7]
	at org.apache.ibatis.ognl.SimpleNode.evaluateGetValueBody(SimpleNode.java:212) ~[mybatis-3.5.7.jar:3.5.7]
	at org.apache.ibatis.ognl.SimpleNode.getValue(SimpleNode.java:258) ~[mybatis-3.5.7.jar:3.5.7]
	at org.apache.ibatis.ognl.ASTNotEq.getValueBody(ASTNotEq.java:50) ~[mybatis-3.5.7.jar:3.5.7]
	at org.apache.ibatis.ognl.SimpleNode.evaluateGetValueBody(SimpleNode.java:212) ~[mybatis-3.5.7.jar:3.5.7]
	at org.apache.ibatis.ognl.SimpleNode.getValue(SimpleNode.java:258) ~[mybatis-3.5.7.jar:3.5.7]
	at org.apache.ibatis.ognl.ASTAnd.getValueBody(ASTAnd.java:61) ~[mybatis-3.5.7.jar:3.5.7]
	at org.apache.ibatis.ognl.SimpleNode.evaluateGetValueBody(SimpleNode.java:212) ~[mybatis-3.5.7.jar:3.5.7]
	at org.apache.ibatis.ognl.SimpleNode.getValue(SimpleNode.java:258) ~[mybatis-3.5.7.jar:3.5.7]
	at org.apache.ibatis.ognl.Ognl.getValue(Ognl.java:586) ~[mybatis-3.5.7.jar:3.5.7]
	at org.apache.ibatis.ognl.Ognl.getValue(Ognl.java:550) ~[mybatis-3.5.7.jar:3.5.7]
	at org.apache.ibatis.scripting.xmltags.OgnlCache.getValue(OgnlCache.java:46) ~[mybatis-3.5.7.jar:3.5.7]
	... 92 common frames omitted
Caused by: java.lang.NoClassDefFoundError: Could not initialize class com.baomidou.mybatisplus.core.toolkit.support.SerializedLambdaMeta
	at com.baomidou.mybatisplus.core.toolkit.LambdaUtils.extract(LambdaUtils.java:55) ~[mybatis-plus-core-3.4.3.jar:3.4.3]
	at com.baomidou.mybatisplus.core.conditions.AbstractLambdaWrapper.getColumnCache(AbstractLambdaWrapper.java:75) ~[mybatis-plus-core-3.4.3.jar:3.4.3]
	at com.baomidou.mybatisplus.core.conditions.AbstractLambdaWrapper.columnToString(AbstractLambdaWrapper.java:62) ~[mybatis-plus-core-3.4.3.jar:3.4.3]
	at com.baomidou.mybatisplus.core.conditions.AbstractLambdaWrapper.columnToString(AbstractLambdaWrapper.java:58) ~[mybatis-plus-core-3.4.3.jar:3.4.3]
	at com.baomidou.mybatisplus.core.conditions.AbstractLambdaWrapper.columnToString(AbstractLambdaWrapper.java:38) ~[mybatis-plus-core-3.4.3.jar:3.4.3]
	at com.baomidou.mybatisplus.core.conditions.AbstractWrapper.lambda$columnToSqlSegment$a3f115af$1(AbstractWrapper.java:575) ~[mybatis-plus-core-3.4.3.jar:3.4.3]
	at java.base/java.util.stream.ReferencePipeline$3$1.accept(ReferencePipeline.java:197) ~[na:na]
	at java.base/java.util.ArrayList$ArrayListSpliterator.forEachRemaining(ArrayList.java:1625) ~[na:na]
	at java.base/java.util.stream.AbstractPipeline.copyInto(AbstractPipeline.java:509) ~[na:na]
	at java.base/java.util.stream.AbstractPipeline.wrapAndCopyInto(AbstractPipeline.java:499) ~[na:na]
	at java.base/java.util.stream.ReduceOps$ReduceOp.evaluateSequential(ReduceOps.java:921) ~[na:na]
	at java.base/java.util.stream.AbstractPipeline.evaluate(AbstractPipeline.java:234) ~[na:na]
	at java.base/java.util.stream.ReferencePipeline.collect(ReferencePipeline.java:682) ~[na:na]
	at com.baomidou.mybatisplus.core.conditions.segments.NormalSegmentList.childrenSqlSegment(NormalSegmentList.java:89) ~[mybatis-plus-core-3.4.3.jar:3.4.3]
	at com.baomidou.mybatisplus.core.conditions.segments.AbstractISegmentList.getSqlSegment(AbstractISegmentList.java:103) ~[mybatis-plus-core-3.4.3.jar:3.4.3]
	at com.baomidou.mybatisplus.core.conditions.segments.MergeSegments.getSqlSegment(MergeSegments.java:72) ~[mybatis-plus-core-3.4.3.jar:3.4.3]
	at com.baomidou.mybatisplus.core.conditions.AbstractWrapper.getSqlSegment(AbstractWrapper.java:525) ~[mybatis-plus-core-3.4.3.jar:3.4.3]
	at java.base/jdk.internal.reflect.NativeMethodAccessorImpl.invoke0(Native Method) ~[na:na]
	at java.base/jdk.internal.reflect.NativeMethodAccessorImpl.invoke(NativeMethodAccessorImpl.java:77) ~[na:na]
	at java.base/jdk.internal.reflect.DelegatingMethodAccessorImpl.invoke(DelegatingMethodAccessorImpl.java:43) ~[na:na]
	at java.base/java.lang.reflect.Method.invoke(Method.java:568) ~[na:na]
	at org.apache.ibatis.ognl.OgnlRuntime.invokeMethodInsideSandbox(OgnlRuntime.java:1266) ~[mybatis-3.5.7.jar:3.5.7]
	at org.apache.ibatis.ognl.OgnlRuntime.invokeMethod(OgnlRuntime.java:1251) ~[mybatis-3.5.7.jar:3.5.7]
	at org.apache.ibatis.ognl.OgnlRuntime.getMethodValue(OgnlRuntime.java:2163) ~[mybatis-3.5.7.jar:3.5.7]
	... 110 common frames omitted

16:32:41:943 ERROR 39732 --- [http-nio-8080-exec-5] c.h.common.advice.CommonExceptionAdvice  : 其他异常 uri : /users/login -> 

org.mybatis.spring.MyBatisSystemException: nested exception is org.apache.ibatis.builder.BuilderException: Error evaluating expression 'ew.sqlSegment != null and ew.sqlSegment != '' and ew.nonEmptyOfWhere'. Cause: org.apache.ibatis.ognl.OgnlException: sqlSegment [java.lang.NoClassDefFoundError: Could not initialize class com.baomidou.mybatisplus.core.toolkit.support.SerializedLambdaMeta]
	at org.mybatis.spring.MyBatisExceptionTranslator.translateExceptionIfPossible(MyBatisExceptionTranslator.java:96) ~[mybatis-spring-2.0.6.jar:2.0.6]
	at org.mybatis.spring.SqlSessionTemplate$SqlSessionInterceptor.invoke(SqlSessionTemplate.java:441) ~[mybatis-spring-2.0.6.jar:2.0.6]
	at jdk.proxy2/jdk.proxy2.$Proxy87.selectOne(Unknown Source) ~[na:na]
	at org.mybatis.spring.SqlSessionTemplate.selectOne(SqlSessionTemplate.java:160) ~[mybatis-spring-2.0.6.jar:2.0.6]
	at com.baomidou.mybatisplus.core.override.MybatisMapperMethod.execute(MybatisMapperMethod.java:89) ~[mybatis-plus-core-3.4.3.jar:3.4.3]
	at com.baomidou.mybatisplus.core.override.MybatisMapperProxy$PlainMethodInvoker.invoke(MybatisMapperProxy.java:148) ~[mybatis-plus-core-3.4.3.jar:3.4.3]
	at com.baomidou.mybatisplus.core.override.MybatisMapperProxy.invoke(MybatisMapperProxy.java:89) ~[mybatis-plus-core-3.4.3.jar:3.4.3]
	at jdk.proxy2/jdk.proxy2.$Proxy99.selectOne(Unknown Source) ~[na:na]
	at com.baomidou.mybatisplus.extension.conditions.query.ChainQuery.one(ChainQuery.java:48) ~[mybatis-plus-extension-3.4.3.jar:3.4.3]
	at com.hmall.service.impl.UserServiceImpl.login(UserServiceImpl.java:46) ~[classes/:na]
	at com.hmall.service.impl.UserServiceImpl$$FastClassBySpringCGLIB$$84609514.invoke(<generated>) ~[classes/:na]
	at org.springframework.cglib.proxy.MethodProxy.invoke(MethodProxy.java:218) ~[spring-core-5.3.27.jar:5.3.27]
	at org.springframework.aop.framework.CglibAopProxy.invokeMethod(CglibAopProxy.java:386) ~[spring-aop-5.3.27.jar:5.3.27]
	at org.springframework.aop.framework.CglibAopProxy.access$000(CglibAopProxy.java:85) ~[spring-aop-5.3.27.jar:5.3.27]
	at org.springframework.aop.framework.CglibAopProxy$DynamicAdvisedInterceptor.intercept(CglibAopProxy.java:704) ~[spring-aop-5.3.27.jar:5.3.27]
	at com.hmall.service.impl.UserServiceImpl$$EnhancerBySpringCGLIB$$80d4d314.login(<generated>) ~[classes/:na]
	at com.hmall.controller.UserController.login(UserController.java:25) ~[classes/:na]
	at java.base/jdk.internal.reflect.NativeMethodAccessorImpl.invoke0(Native Method) ~[na:na]
	at java.base/jdk.internal.reflect.NativeMethodAccessorImpl.invoke(NativeMethodAccessorImpl.java:77) ~[na:na]
	at java.base/jdk.internal.reflect.DelegatingMethodAccessorImpl.invoke(DelegatingMethodAccessorImpl.java:43) ~[na:na]
	at java.base/java.lang.reflect.Method.invoke(Method.java:568) ~[na:na]
	at org.springframework.web.method.support.InvocableHandlerMethod.doInvoke(InvocableHandlerMethod.java:205) ~[spring-web-5.3.27.jar:5.3.27]
	at org.springframework.web.method.support.InvocableHandlerMethod.invokeForRequest(InvocableHandlerMethod.java:150) ~[spring-web-5.3.27.jar:5.3.27]
	at org.springframework.web.servlet.mvc.method.annotation.ServletInvocableHandlerMethod.invokeAndHandle(ServletInvocableHandlerMethod.java:117) ~[spring-webmvc-5.3.27.jar:5.3.27]
	at org.springframework.web.servlet.mvc.method.annotation.RequestMappingHandlerAdapter.invokeHandlerMethod(RequestMappingHandlerAdapter.java:895) ~[spring-webmvc-5.3.27.jar:5.3.27]
	at org.springframework.web.servlet.mvc.method.annotation.RequestMappingHandlerAdapter.handleInternal(RequestMappingHandlerAdapter.java:808) ~[spring-webmvc-5.3.27.jar:5.3.27]
	at org.springframework.web.servlet.mvc.method.AbstractHandlerMethodAdapter.handle(AbstractHandlerMethodAdapter.java:87) ~[spring-webmvc-5.3.27.jar:5.3.27]
	at org.springframework.web.servlet.DispatcherServlet.doDispatch(DispatcherServlet.java:1072) ~[spring-webmvc-5.3.27.jar:5.3.27]
	at org.springframework.web.servlet.DispatcherServlet.doService(DispatcherServlet.java:965) ~[spring-webmvc-5.3.27.jar:5.3.27]
	at org.springframework.web.servlet.FrameworkServlet.processRequest(FrameworkServlet.java:1006) ~[spring-webmvc-5.3.27.jar:5.3.27]
	at org.springframework.web.servlet.FrameworkServlet.doPost(FrameworkServlet.java:909) ~[spring-webmvc-5.3.27.jar:5.3.27]
	at javax.servlet.http.HttpServlet.service(HttpServlet.java:555) ~[tomcat-embed-core-9.0.75.jar:4.0.FR]
	at org.springframework.web.servlet.FrameworkServlet.service(FrameworkServlet.java:883) ~[spring-webmvc-5.3.27.jar:5.3.27]
	at javax.servlet.http.HttpServlet.service(HttpServlet.java:623) ~[tomcat-embed-core-9.0.75.jar:4.0.FR]
	at org.apache.catalina.core.ApplicationFilterChain.internalDoFilter(ApplicationFilterChain.java:209) ~[tomcat-embed-core-9.0.75.jar:9.0.75]
	at org.apache.catalina.core.ApplicationFilterChain.doFilter(ApplicationFilterChain.java:153) ~[tomcat-embed-core-9.0.75.jar:9.0.75]
	at org.apache.tomcat.websocket.server.WsFilter.doFilter(WsFilter.java:51) ~[tomcat-embed-websocket-9.0.75.jar:9.0.75]
	at org.apache.catalina.core.ApplicationFilterChain.internalDoFilter(ApplicationFilterChain.java:178) ~[tomcat-embed-core-9.0.75.jar:9.0.75]
	at org.apache.catalina.core.ApplicationFilterChain.doFilter(ApplicationFilterChain.java:153) ~[tomcat-embed-core-9.0.75.jar:9.0.75]
	at org.springframework.web.filter.RequestContextFilter.doFilterInternal(RequestContextFilter.java:100) ~[spring-web-5.3.27.jar:5.3.27]
	at org.springframework.web.filter.OncePerRequestFilter.doFilter(OncePerRequestFilter.java:117) ~[spring-web-5.3.27.jar:5.3.27]
	at org.apache.catalina.core.ApplicationFilterChain.internalDoFilter(ApplicationFilterChain.java:178) ~[tomcat-embed-core-9.0.75.jar:9.0.75]
	at org.apache.catalina.core.ApplicationFilterChain.doFilter(ApplicationFilterChain.java:153) ~[tomcat-embed-core-9.0.75.jar:9.0.75]
	at org.springframework.web.filter.FormContentFilter.doFilterInternal(FormContentFilter.java:93) ~[spring-web-5.3.27.jar:5.3.27]
	at org.springframework.web.filter.OncePerRequestFilter.doFilter(OncePerRequestFilter.java:117) ~[spring-web-5.3.27.jar:5.3.27]
	at org.apache.catalina.core.ApplicationFilterChain.internalDoFilter(ApplicationFilterChain.java:178) ~[tomcat-embed-core-9.0.75.jar:9.0.75]
	at org.apache.catalina.core.ApplicationFilterChain.doFilter(ApplicationFilterChain.java:153) ~[tomcat-embed-core-9.0.75.jar:9.0.75]
	at org.springframework.web.filter.CharacterEncodingFilter.doFilterInternal(CharacterEncodingFilter.java:201) ~[spring-web-5.3.27.jar:5.3.27]
	at org.springframework.web.filter.OncePerRequestFilter.doFilter(OncePerRequestFilter.java:117) ~[spring-web-5.3.27.jar:5.3.27]
	at org.apache.catalina.core.ApplicationFilterChain.internalDoFilter(ApplicationFilterChain.java:178) ~[tomcat-embed-core-9.0.75.jar:9.0.75]
	at org.apache.catalina.core.ApplicationFilterChain.doFilter(ApplicationFilterChain.java:153) ~[tomcat-embed-core-9.0.75.jar:9.0.75]
	at org.apache.catalina.core.StandardWrapperValve.invoke(StandardWrapperValve.java:167) ~[tomcat-embed-core-9.0.75.jar:9.0.75]
	at org.apache.catalina.core.StandardContextValve.invoke(StandardContextValve.java:90) ~[tomcat-embed-core-9.0.75.jar:9.0.75]
	at org.apache.catalina.authenticator.AuthenticatorBase.invoke(AuthenticatorBase.java:481) ~[tomcat-embed-core-9.0.75.jar:9.0.75]
	at org.apache.catalina.core.StandardHostValve.invoke(StandardHostValve.java:130) ~[tomcat-embed-core-9.0.75.jar:9.0.75]
	at org.apache.catalina.valves.ErrorReportValve.invoke(ErrorReportValve.java:93) ~[tomcat-embed-core-9.0.75.jar:9.0.75]
	at org.apache.catalina.core.StandardEngineValve.invoke(StandardEngineValve.java:74) ~[tomcat-embed-core-9.0.75.jar:9.0.75]
	at org.apache.catalina.connector.CoyoteAdapter.service(CoyoteAdapter.java:343) ~[tomcat-embed-core-9.0.75.jar:9.0.75]
	at org.apache.coyote.http11.Http11Processor.service(Http11Processor.java:390) ~[tomcat-embed-core-9.0.75.jar:9.0.75]
	at org.apache.coyote.AbstractProcessorLight.process(AbstractProcessorLight.java:63) ~[tomcat-embed-core-9.0.75.jar:9.0.75]
	at org.apache.coyote.AbstractProtocol$ConnectionHandler.process(AbstractProtocol.java:926) ~[tomcat-embed-core-9.0.75.jar:9.0.75]
	at org.apache.tomcat.util.net.NioEndpoint$SocketProcessor.doRun(NioEndpoint.java:1791) ~[tomcat-embed-core-9.0.75.jar:9.0.75]
	at org.apache.tomcat.util.net.SocketProcessorBase.run(SocketProcessorBase.java:52) ~[tomcat-embed-core-9.0.75.jar:9.0.75]
	at org.apache.tomcat.util.threads.ThreadPoolExecutor.runWorker(ThreadPoolExecutor.java:1191) ~[tomcat-embed-core-9.0.75.jar:9.0.75]
	at org.apache.tomcat.util.threads.ThreadPoolExecutor$Worker.run(ThreadPoolExecutor.java:659) ~[tomcat-embed-core-9.0.75.jar:9.0.75]
	at org.apache.tomcat.util.threads.TaskThread$WrappingRunnable.run(TaskThread.java:61) ~[tomcat-embed-core-9.0.75.jar:9.0.75]
	at java.base/java.lang.Thread.run(Thread.java:833) ~[na:na]
Caused by: org.apache.ibatis.builder.BuilderException: Error evaluating expression 'ew.sqlSegment != null and ew.sqlSegment != '' and ew.nonEmptyOfWhere'. Cause: org.apache.ibatis.ognl.OgnlException: sqlSegment [java.lang.NoClassDefFoundError: Could not initialize class com.baomidou.mybatisplus.core.toolkit.support.SerializedLambdaMeta]
	at org.apache.ibatis.scripting.xmltags.OgnlCache.getValue(OgnlCache.java:48) ~[mybatis-3.5.7.jar:3.5.7]
	at org.apache.ibatis.scripting.xmltags.ExpressionEvaluator.evaluateBoolean(ExpressionEvaluator.java:32) ~[mybatis-3.5.7.jar:3.5.7]
	at org.apache.ibatis.scripting.xmltags.IfSqlNode.apply(IfSqlNode.java:34) ~[mybatis-3.5.7.jar:3.5.7]
	at org.apache.ibatis.scripting.xmltags.MixedSqlNode.lambda$apply$0(MixedSqlNode.java:32) ~[mybatis-3.5.7.jar:3.5.7]
	at java.base/java.util.ArrayList.forEach(ArrayList.java:1511) ~[na:na]
	at org.apache.ibatis.scripting.xmltags.MixedSqlNode.apply(MixedSqlNode.java:32) ~[mybatis-3.5.7.jar:3.5.7]
	at org.apache.ibatis.scripting.xmltags.TrimSqlNode.apply(TrimSqlNode.java:55) ~[mybatis-3.5.7.jar:3.5.7]
	at org.apache.ibatis.scripting.xmltags.MixedSqlNode.lambda$apply$0(MixedSqlNode.java:32) ~[mybatis-3.5.7.jar:3.5.7]
	at java.base/java.util.ArrayList.forEach(ArrayList.java:1511) ~[na:na]
	at org.apache.ibatis.scripting.xmltags.MixedSqlNode.apply(MixedSqlNode.java:32) ~[mybatis-3.5.7.jar:3.5.7]
	at org.apache.ibatis.scripting.xmltags.IfSqlNode.apply(IfSqlNode.java:35) ~[mybatis-3.5.7.jar:3.5.7]
	at org.apache.ibatis.scripting.xmltags.MixedSqlNode.lambda$apply$0(MixedSqlNode.java:32) ~[mybatis-3.5.7.jar:3.5.7]
	at java.base/java.util.ArrayList.forEach(ArrayList.java:1511) ~[na:na]
	at org.apache.ibatis.scripting.xmltags.MixedSqlNode.apply(MixedSqlNode.java:32) ~[mybatis-3.5.7.jar:3.5.7]
	at org.apache.ibatis.scripting.xmltags.DynamicSqlSource.getBoundSql(DynamicSqlSource.java:39) ~[mybatis-3.5.7.jar:3.5.7]
	at org.apache.ibatis.mapping.MappedStatement.getBoundSql(MappedStatement.java:305) ~[mybatis-3.5.7.jar:3.5.7]
	at com.baomidou.mybatisplus.extension.plugins.MybatisPlusInterceptor.intercept(MybatisPlusInterceptor.java:69) ~[mybatis-plus-extension-3.4.3.jar:3.4.3]
	at org.apache.ibatis.plugin.Plugin.invoke(Plugin.java:62) ~[mybatis-3.5.7.jar:3.5.7]
	at jdk.proxy2/jdk.proxy2.$Proxy131.query(Unknown Source) ~[na:na]
	at org.apache.ibatis.session.defaults.DefaultSqlSession.selectList(DefaultSqlSession.java:151) ~[mybatis-3.5.7.jar:3.5.7]
	at org.apache.ibatis.session.defaults.DefaultSqlSession.selectList(DefaultSqlSession.java:145) ~[mybatis-3.5.7.jar:3.5.7]
	at org.apache.ibatis.session.defaults.DefaultSqlSession.selectList(DefaultSqlSession.java:140) ~[mybatis-3.5.7.jar:3.5.7]
	at org.apache.ibatis.session.defaults.DefaultSqlSession.selectOne(DefaultSqlSession.java:76) ~[mybatis-3.5.7.jar:3.5.7]
	at java.base/jdk.internal.reflect.NativeMethodAccessorImpl.invoke0(Native Method) ~[na:na]
	at java.base/jdk.internal.reflect.NativeMethodAccessorImpl.invoke(NativeMethodAccessorImpl.java:77) ~[na:na]
	at java.base/jdk.internal.reflect.DelegatingMethodAccessorImpl.invoke(DelegatingMethodAccessorImpl.java:43) ~[na:na]
	at java.base/java.lang.reflect.Method.invoke(Method.java:568) ~[na:na]
	at org.mybatis.spring.SqlSessionTemplate$SqlSessionInterceptor.invoke(SqlSessionTemplate.java:427) ~[mybatis-spring-2.0.6.jar:2.0.6]
	... 65 common frames omitted
Caused by: org.apache.ibatis.ognl.OgnlException: sqlSegment
	at org.apache.ibatis.ognl.OgnlRuntime.getMethodValue(OgnlRuntime.java:2165) ~[mybatis-3.5.7.jar:3.5.7]
	at org.apache.ibatis.ognl.ObjectPropertyAccessor.getPossibleProperty(ObjectPropertyAccessor.java:66) ~[mybatis-3.5.7.jar:3.5.7]
	at org.apache.ibatis.ognl.ObjectPropertyAccessor.getProperty(ObjectPropertyAccessor.java:160) ~[mybatis-3.5.7.jar:3.5.7]
	at org.apache.ibatis.ognl.OgnlRuntime.getProperty(OgnlRuntime.java:3373) ~[mybatis-3.5.7.jar:3.5.7]
	at org.apache.ibatis.ognl.ASTProperty.getValueBody(ASTProperty.java:121) ~[mybatis-3.5.7.jar:3.5.7]
	at org.apache.ibatis.ognl.SimpleNode.evaluateGetValueBody(SimpleNode.java:212) ~[mybatis-3.5.7.jar:3.5.7]
	at org.apache.ibatis.ognl.SimpleNode.getValue(SimpleNode.java:258) ~[mybatis-3.5.7.jar:3.5.7]
	at org.apache.ibatis.ognl.ASTChain.getValueBody(ASTChain.java:141) ~[mybatis-3.5.7.jar:3.5.7]
	at org.apache.ibatis.ognl.SimpleNode.evaluateGetValueBody(SimpleNode.java:212) ~[mybatis-3.5.7.jar:3.5.7]
	at org.apache.ibatis.ognl.SimpleNode.getValue(SimpleNode.java:258) ~[mybatis-3.5.7.jar:3.5.7]
	at org.apache.ibatis.ognl.ASTNotEq.getValueBody(ASTNotEq.java:50) ~[mybatis-3.5.7.jar:3.5.7]
	at org.apache.ibatis.ognl.SimpleNode.evaluateGetValueBody(SimpleNode.java:212) ~[mybatis-3.5.7.jar:3.5.7]
	at org.apache.ibatis.ognl.SimpleNode.getValue(SimpleNode.java:258) ~[mybatis-3.5.7.jar:3.5.7]
	at org.apache.ibatis.ognl.ASTAnd.getValueBody(ASTAnd.java:61) ~[mybatis-3.5.7.jar:3.5.7]
	at org.apache.ibatis.ognl.SimpleNode.evaluateGetValueBody(SimpleNode.java:212) ~[mybatis-3.5.7.jar:3.5.7]
	at org.apache.ibatis.ognl.SimpleNode.getValue(SimpleNode.java:258) ~[mybatis-3.5.7.jar:3.5.7]
	at org.apache.ibatis.ognl.Ognl.getValue(Ognl.java:586) ~[mybatis-3.5.7.jar:3.5.7]
	at org.apache.ibatis.ognl.Ognl.getValue(Ognl.java:550) ~[mybatis-3.5.7.jar:3.5.7]
	at org.apache.ibatis.scripting.xmltags.OgnlCache.getValue(OgnlCache.java:46) ~[mybatis-3.5.7.jar:3.5.7]
	... 92 common frames omitted
Caused by: java.lang.NoClassDefFoundError: Could not initialize class com.baomidou.mybatisplus.core.toolkit.support.SerializedLambdaMeta
	at com.baomidou.mybatisplus.core.toolkit.LambdaUtils.extract(LambdaUtils.java:55) ~[mybatis-plus-core-3.4.3.jar:3.4.3]
	at com.baomidou.mybatisplus.core.conditions.AbstractLambdaWrapper.getColumnCache(AbstractLambdaWrapper.java:75) ~[mybatis-plus-core-3.4.3.jar:3.4.3]
	at com.baomidou.mybatisplus.core.conditions.AbstractLambdaWrapper.columnToString(AbstractLambdaWrapper.java:62) ~[mybatis-plus-core-3.4.3.jar:3.4.3]
	at com.baomidou.mybatisplus.core.conditions.AbstractLambdaWrapper.columnToString(AbstractLambdaWrapper.java:58) ~[mybatis-plus-core-3.4.3.jar:3.4.3]
	at com.baomidou.mybatisplus.core.conditions.AbstractLambdaWrapper.columnToString(AbstractLambdaWrapper.java:38) ~[mybatis-plus-core-3.4.3.jar:3.4.3]
	at com.baomidou.mybatisplus.core.conditions.AbstractWrapper.lambda$columnToSqlSegment$a3f115af$1(AbstractWrapper.java:575) ~[mybatis-plus-core-3.4.3.jar:3.4.3]
	at java.base/java.util.stream.ReferencePipeline$3$1.accept(ReferencePipeline.java:197) ~[na:na]
	at java.base/java.util.ArrayList$ArrayListSpliterator.forEachRemaining(ArrayList.java:1625) ~[na:na]
	at java.base/java.util.stream.AbstractPipeline.copyInto(AbstractPipeline.java:509) ~[na:na]
	at java.base/java.util.stream.AbstractPipeline.wrapAndCopyInto(AbstractPipeline.java:499) ~[na:na]
	at java.base/java.util.stream.ReduceOps$ReduceOp.evaluateSequential(ReduceOps.java:921) ~[na:na]
	at java.base/java.util.stream.AbstractPipeline.evaluate(AbstractPipeline.java:234) ~[na:na]
	at java.base/java.util.stream.ReferencePipeline.collect(ReferencePipeline.java:682) ~[na:na]
	at com.baomidou.mybatisplus.core.conditions.segments.NormalSegmentList.childrenSqlSegment(NormalSegmentList.java:89) ~[mybatis-plus-core-3.4.3.jar:3.4.3]
	at com.baomidou.mybatisplus.core.conditions.segments.AbstractISegmentList.getSqlSegment(AbstractISegmentList.java:103) ~[mybatis-plus-core-3.4.3.jar:3.4.3]
	at com.baomidou.mybatisplus.core.conditions.segments.MergeSegments.getSqlSegment(MergeSegments.java:72) ~[mybatis-plus-core-3.4.3.jar:3.4.3]
	at com.baomidou.mybatisplus.core.conditions.AbstractWrapper.getSqlSegment(AbstractWrapper.java:525) ~[mybatis-plus-core-3.4.3.jar:3.4.3]
	at java.base/jdk.internal.reflect.NativeMethodAccessorImpl.invoke0(Native Method) ~[na:na]
	at java.base/jdk.internal.reflect.NativeMethodAccessorImpl.invoke(NativeMethodAccessorImpl.java:77) ~[na:na]
	at java.base/jdk.internal.reflect.DelegatingMethodAccessorImpl.invoke(DelegatingMethodAccessorImpl.java:43) ~[na:na]
	at java.base/java.lang.reflect.Method.invoke(Method.java:568) ~[na:na]
	at org.apache.ibatis.ognl.OgnlRuntime.invokeMethodInsideSandbox(OgnlRuntime.java:1266) ~[mybatis-3.5.7.jar:3.5.7]
	at org.apache.ibatis.ognl.OgnlRuntime.invokeMethod(OgnlRuntime.java:1251) ~[mybatis-3.5.7.jar:3.5.7]
	at org.apache.ibatis.ognl.OgnlRuntime.getMethodValue(OgnlRuntime.java:2163) ~[mybatis-3.5.7.jar:3.5.7]
	... 110 common frames omitted

16:33:18:579 ERROR 39732 --- [http-nio-8080-exec-4] c.h.common.advice.CommonExceptionAdvice  : 其他异常 uri : /users/login -> 

org.mybatis.spring.MyBatisSystemException: nested exception is org.apache.ibatis.builder.BuilderException: Error evaluating expression 'ew.sqlSegment != null and ew.sqlSegment != '' and ew.nonEmptyOfWhere'. Cause: org.apache.ibatis.ognl.OgnlException: sqlSegment [java.lang.NoClassDefFoundError: Could not initialize class com.baomidou.mybatisplus.core.toolkit.support.SerializedLambdaMeta]
	at org.mybatis.spring.MyBatisExceptionTranslator.translateExceptionIfPossible(MyBatisExceptionTranslator.java:96) ~[mybatis-spring-2.0.6.jar:2.0.6]
	at org.mybatis.spring.SqlSessionTemplate$SqlSessionInterceptor.invoke(SqlSessionTemplate.java:441) ~[mybatis-spring-2.0.6.jar:2.0.6]
	at jdk.proxy2/jdk.proxy2.$Proxy87.selectOne(Unknown Source) ~[na:na]
	at org.mybatis.spring.SqlSessionTemplate.selectOne(SqlSessionTemplate.java:160) ~[mybatis-spring-2.0.6.jar:2.0.6]
	at com.baomidou.mybatisplus.core.override.MybatisMapperMethod.execute(MybatisMapperMethod.java:89) ~[mybatis-plus-core-3.4.3.jar:3.4.3]
	at com.baomidou.mybatisplus.core.override.MybatisMapperProxy$PlainMethodInvoker.invoke(MybatisMapperProxy.java:148) ~[mybatis-plus-core-3.4.3.jar:3.4.3]
	at com.baomidou.mybatisplus.core.override.MybatisMapperProxy.invoke(MybatisMapperProxy.java:89) ~[mybatis-plus-core-3.4.3.jar:3.4.3]
	at jdk.proxy2/jdk.proxy2.$Proxy99.selectOne(Unknown Source) ~[na:na]
	at com.baomidou.mybatisplus.extension.conditions.query.ChainQuery.one(ChainQuery.java:48) ~[mybatis-plus-extension-3.4.3.jar:3.4.3]
	at com.hmall.service.impl.UserServiceImpl.login(UserServiceImpl.java:46) ~[classes/:na]
	at com.hmall.service.impl.UserServiceImpl$$FastClassBySpringCGLIB$$84609514.invoke(<generated>) ~[classes/:na]
	at org.springframework.cglib.proxy.MethodProxy.invoke(MethodProxy.java:218) ~[spring-core-5.3.27.jar:5.3.27]
	at org.springframework.aop.framework.CglibAopProxy.invokeMethod(CglibAopProxy.java:386) ~[spring-aop-5.3.27.jar:5.3.27]
	at org.springframework.aop.framework.CglibAopProxy.access$000(CglibAopProxy.java:85) ~[spring-aop-5.3.27.jar:5.3.27]
	at org.springframework.aop.framework.CglibAopProxy$DynamicAdvisedInterceptor.intercept(CglibAopProxy.java:704) ~[spring-aop-5.3.27.jar:5.3.27]
	at com.hmall.service.impl.UserServiceImpl$$EnhancerBySpringCGLIB$$80d4d314.login(<generated>) ~[classes/:na]
	at com.hmall.controller.UserController.login(UserController.java:25) ~[classes/:na]
	at java.base/jdk.internal.reflect.NativeMethodAccessorImpl.invoke0(Native Method) ~[na:na]
	at java.base/jdk.internal.reflect.NativeMethodAccessorImpl.invoke(NativeMethodAccessorImpl.java:77) ~[na:na]
	at java.base/jdk.internal.reflect.DelegatingMethodAccessorImpl.invoke(DelegatingMethodAccessorImpl.java:43) ~[na:na]
	at java.base/java.lang.reflect.Method.invoke(Method.java:568) ~[na:na]
	at org.springframework.web.method.support.InvocableHandlerMethod.doInvoke(InvocableHandlerMethod.java:205) ~[spring-web-5.3.27.jar:5.3.27]
	at org.springframework.web.method.support.InvocableHandlerMethod.invokeForRequest(InvocableHandlerMethod.java:150) ~[spring-web-5.3.27.jar:5.3.27]
	at org.springframework.web.servlet.mvc.method.annotation.ServletInvocableHandlerMethod.invokeAndHandle(ServletInvocableHandlerMethod.java:117) ~[spring-webmvc-5.3.27.jar:5.3.27]
	at org.springframework.web.servlet.mvc.method.annotation.RequestMappingHandlerAdapter.invokeHandlerMethod(RequestMappingHandlerAdapter.java:895) ~[spring-webmvc-5.3.27.jar:5.3.27]
	at org.springframework.web.servlet.mvc.method.annotation.RequestMappingHandlerAdapter.handleInternal(RequestMappingHandlerAdapter.java:808) ~[spring-webmvc-5.3.27.jar:5.3.27]
	at org.springframework.web.servlet.mvc.method.AbstractHandlerMethodAdapter.handle(AbstractHandlerMethodAdapter.java:87) ~[spring-webmvc-5.3.27.jar:5.3.27]
	at org.springframework.web.servlet.DispatcherServlet.doDispatch(DispatcherServlet.java:1072) ~[spring-webmvc-5.3.27.jar:5.3.27]
	at org.springframework.web.servlet.DispatcherServlet.doService(DispatcherServlet.java:965) ~[spring-webmvc-5.3.27.jar:5.3.27]
	at org.springframework.web.servlet.FrameworkServlet.processRequest(FrameworkServlet.java:1006) ~[spring-webmvc-5.3.27.jar:5.3.27]
	at org.springframework.web.servlet.FrameworkServlet.doPost(FrameworkServlet.java:909) ~[spring-webmvc-5.3.27.jar:5.3.27]
	at javax.servlet.http.HttpServlet.service(HttpServlet.java:555) ~[tomcat-embed-core-9.0.75.jar:4.0.FR]
	at org.springframework.web.servlet.FrameworkServlet.service(FrameworkServlet.java:883) ~[spring-webmvc-5.3.27.jar:5.3.27]
	at javax.servlet.http.HttpServlet.service(HttpServlet.java:623) ~[tomcat-embed-core-9.0.75.jar:4.0.FR]
	at org.apache.catalina.core.ApplicationFilterChain.internalDoFilter(ApplicationFilterChain.java:209) ~[tomcat-embed-core-9.0.75.jar:9.0.75]
	at org.apache.catalina.core.ApplicationFilterChain.doFilter(ApplicationFilterChain.java:153) ~[tomcat-embed-core-9.0.75.jar:9.0.75]
	at org.apache.tomcat.websocket.server.WsFilter.doFilter(WsFilter.java:51) ~[tomcat-embed-websocket-9.0.75.jar:9.0.75]
	at org.apache.catalina.core.ApplicationFilterChain.internalDoFilter(ApplicationFilterChain.java:178) ~[tomcat-embed-core-9.0.75.jar:9.0.75]
	at org.apache.catalina.core.ApplicationFilterChain.doFilter(ApplicationFilterChain.java:153) ~[tomcat-embed-core-9.0.75.jar:9.0.75]
	at org.springframework.web.filter.RequestContextFilter.doFilterInternal(RequestContextFilter.java:100) ~[spring-web-5.3.27.jar:5.3.27]
	at org.springframework.web.filter.OncePerRequestFilter.doFilter(OncePerRequestFilter.java:117) ~[spring-web-5.3.27.jar:5.3.27]
	at org.apache.catalina.core.ApplicationFilterChain.internalDoFilter(ApplicationFilterChain.java:178) ~[tomcat-embed-core-9.0.75.jar:9.0.75]
	at org.apache.catalina.core.ApplicationFilterChain.doFilter(ApplicationFilterChain.java:153) ~[tomcat-embed-core-9.0.75.jar:9.0.75]
	at org.springframework.web.filter.FormContentFilter.doFilterInternal(FormContentFilter.java:93) ~[spring-web-5.3.27.jar:5.3.27]
	at org.springframework.web.filter.OncePerRequestFilter.doFilter(OncePerRequestFilter.java:117) ~[spring-web-5.3.27.jar:5.3.27]
	at org.apache.catalina.core.ApplicationFilterChain.internalDoFilter(ApplicationFilterChain.java:178) ~[tomcat-embed-core-9.0.75.jar:9.0.75]
	at org.apache.catalina.core.ApplicationFilterChain.doFilter(ApplicationFilterChain.java:153) ~[tomcat-embed-core-9.0.75.jar:9.0.75]
	at org.springframework.web.filter.CharacterEncodingFilter.doFilterInternal(CharacterEncodingFilter.java:201) ~[spring-web-5.3.27.jar:5.3.27]
	at org.springframework.web.filter.OncePerRequestFilter.doFilter(OncePerRequestFilter.java:117) ~[spring-web-5.3.27.jar:5.3.27]
	at org.apache.catalina.core.ApplicationFilterChain.internalDoFilter(ApplicationFilterChain.java:178) ~[tomcat-embed-core-9.0.75.jar:9.0.75]
	at org.apache.catalina.core.ApplicationFilterChain.doFilter(ApplicationFilterChain.java:153) ~[tomcat-embed-core-9.0.75.jar:9.0.75]
	at org.apache.catalina.core.StandardWrapperValve.invoke(StandardWrapperValve.java:167) ~[tomcat-embed-core-9.0.75.jar:9.0.75]
	at org.apache.catalina.core.StandardContextValve.invoke(StandardContextValve.java:90) ~[tomcat-embed-core-9.0.75.jar:9.0.75]
	at org.apache.catalina.authenticator.AuthenticatorBase.invoke(AuthenticatorBase.java:481) ~[tomcat-embed-core-9.0.75.jar:9.0.75]
	at org.apache.catalina.core.StandardHostValve.invoke(StandardHostValve.java:130) ~[tomcat-embed-core-9.0.75.jar:9.0.75]
	at org.apache.catalina.valves.ErrorReportValve.invoke(ErrorReportValve.java:93) ~[tomcat-embed-core-9.0.75.jar:9.0.75]
	at org.apache.catalina.core.StandardEngineValve.invoke(StandardEngineValve.java:74) ~[tomcat-embed-core-9.0.75.jar:9.0.75]
	at org.apache.catalina.connector.CoyoteAdapter.service(CoyoteAdapter.java:343) ~[tomcat-embed-core-9.0.75.jar:9.0.75]
	at org.apache.coyote.http11.Http11Processor.service(Http11Processor.java:390) ~[tomcat-embed-core-9.0.75.jar:9.0.75]
	at org.apache.coyote.AbstractProcessorLight.process(AbstractProcessorLight.java:63) ~[tomcat-embed-core-9.0.75.jar:9.0.75]
	at org.apache.coyote.AbstractProtocol$ConnectionHandler.process(AbstractProtocol.java:926) ~[tomcat-embed-core-9.0.75.jar:9.0.75]
	at org.apache.tomcat.util.net.NioEndpoint$SocketProcessor.doRun(NioEndpoint.java:1791) ~[tomcat-embed-core-9.0.75.jar:9.0.75]
	at org.apache.tomcat.util.net.SocketProcessorBase.run(SocketProcessorBase.java:52) ~[tomcat-embed-core-9.0.75.jar:9.0.75]
	at org.apache.tomcat.util.threads.ThreadPoolExecutor.runWorker(ThreadPoolExecutor.java:1191) ~[tomcat-embed-core-9.0.75.jar:9.0.75]
	at org.apache.tomcat.util.threads.ThreadPoolExecutor$Worker.run(ThreadPoolExecutor.java:659) ~[tomcat-embed-core-9.0.75.jar:9.0.75]
	at org.apache.tomcat.util.threads.TaskThread$WrappingRunnable.run(TaskThread.java:61) ~[tomcat-embed-core-9.0.75.jar:9.0.75]
	at java.base/java.lang.Thread.run(Thread.java:833) ~[na:na]
Caused by: org.apache.ibatis.builder.BuilderException: Error evaluating expression 'ew.sqlSegment != null and ew.sqlSegment != '' and ew.nonEmptyOfWhere'. Cause: org.apache.ibatis.ognl.OgnlException: sqlSegment [java.lang.NoClassDefFoundError: Could not initialize class com.baomidou.mybatisplus.core.toolkit.support.SerializedLambdaMeta]
	at org.apache.ibatis.scripting.xmltags.OgnlCache.getValue(OgnlCache.java:48) ~[mybatis-3.5.7.jar:3.5.7]
	at org.apache.ibatis.scripting.xmltags.ExpressionEvaluator.evaluateBoolean(ExpressionEvaluator.java:32) ~[mybatis-3.5.7.jar:3.5.7]
	at org.apache.ibatis.scripting.xmltags.IfSqlNode.apply(IfSqlNode.java:34) ~[mybatis-3.5.7.jar:3.5.7]
	at org.apache.ibatis.scripting.xmltags.MixedSqlNode.lambda$apply$0(MixedSqlNode.java:32) ~[mybatis-3.5.7.jar:3.5.7]
	at java.base/java.util.ArrayList.forEach(ArrayList.java:1511) ~[na:na]
	at org.apache.ibatis.scripting.xmltags.MixedSqlNode.apply(MixedSqlNode.java:32) ~[mybatis-3.5.7.jar:3.5.7]
	at org.apache.ibatis.scripting.xmltags.TrimSqlNode.apply(TrimSqlNode.java:55) ~[mybatis-3.5.7.jar:3.5.7]
	at org.apache.ibatis.scripting.xmltags.MixedSqlNode.lambda$apply$0(MixedSqlNode.java:32) ~[mybatis-3.5.7.jar:3.5.7]
	at java.base/java.util.ArrayList.forEach(ArrayList.java:1511) ~[na:na]
	at org.apache.ibatis.scripting.xmltags.MixedSqlNode.apply(MixedSqlNode.java:32) ~[mybatis-3.5.7.jar:3.5.7]
	at org.apache.ibatis.scripting.xmltags.IfSqlNode.apply(IfSqlNode.java:35) ~[mybatis-3.5.7.jar:3.5.7]
	at org.apache.ibatis.scripting.xmltags.MixedSqlNode.lambda$apply$0(MixedSqlNode.java:32) ~[mybatis-3.5.7.jar:3.5.7]
	at java.base/java.util.ArrayList.forEach(ArrayList.java:1511) ~[na:na]
	at org.apache.ibatis.scripting.xmltags.MixedSqlNode.apply(MixedSqlNode.java:32) ~[mybatis-3.5.7.jar:3.5.7]
	at org.apache.ibatis.scripting.xmltags.DynamicSqlSource.getBoundSql(DynamicSqlSource.java:39) ~[mybatis-3.5.7.jar:3.5.7]
	at org.apache.ibatis.mapping.MappedStatement.getBoundSql(MappedStatement.java:305) ~[mybatis-3.5.7.jar:3.5.7]
	at com.baomidou.mybatisplus.extension.plugins.MybatisPlusInterceptor.intercept(MybatisPlusInterceptor.java:69) ~[mybatis-plus-extension-3.4.3.jar:3.4.3]
	at org.apache.ibatis.plugin.Plugin.invoke(Plugin.java:62) ~[mybatis-3.5.7.jar:3.5.7]
	at jdk.proxy2/jdk.proxy2.$Proxy131.query(Unknown Source) ~[na:na]
	at org.apache.ibatis.session.defaults.DefaultSqlSession.selectList(DefaultSqlSession.java:151) ~[mybatis-3.5.7.jar:3.5.7]
	at org.apache.ibatis.session.defaults.DefaultSqlSession.selectList(DefaultSqlSession.java:145) ~[mybatis-3.5.7.jar:3.5.7]
	at org.apache.ibatis.session.defaults.DefaultSqlSession.selectList(DefaultSqlSession.java:140) ~[mybatis-3.5.7.jar:3.5.7]
	at org.apache.ibatis.session.defaults.DefaultSqlSession.selectOne(DefaultSqlSession.java:76) ~[mybatis-3.5.7.jar:3.5.7]
	at java.base/jdk.internal.reflect.NativeMethodAccessorImpl.invoke0(Native Method) ~[na:na]
	at java.base/jdk.internal.reflect.NativeMethodAccessorImpl.invoke(NativeMethodAccessorImpl.java:77) ~[na:na]
	at java.base/jdk.internal.reflect.DelegatingMethodAccessorImpl.invoke(DelegatingMethodAccessorImpl.java:43) ~[na:na]
	at java.base/java.lang.reflect.Method.invoke(Method.java:568) ~[na:na]
	at org.mybatis.spring.SqlSessionTemplate$SqlSessionInterceptor.invoke(SqlSessionTemplate.java:427) ~[mybatis-spring-2.0.6.jar:2.0.6]
	... 65 common frames omitted
Caused by: org.apache.ibatis.ognl.OgnlException: sqlSegment
	at org.apache.ibatis.ognl.OgnlRuntime.getMethodValue(OgnlRuntime.java:2165) ~[mybatis-3.5.7.jar:3.5.7]
	at org.apache.ibatis.ognl.ObjectPropertyAccessor.getPossibleProperty(ObjectPropertyAccessor.java:66) ~[mybatis-3.5.7.jar:3.5.7]
	at org.apache.ibatis.ognl.ObjectPropertyAccessor.getProperty(ObjectPropertyAccessor.java:160) ~[mybatis-3.5.7.jar:3.5.7]
	at org.apache.ibatis.ognl.OgnlRuntime.getProperty(OgnlRuntime.java:3373) ~[mybatis-3.5.7.jar:3.5.7]
	at org.apache.ibatis.ognl.ASTProperty.getValueBody(ASTProperty.java:121) ~[mybatis-3.5.7.jar:3.5.7]
	at org.apache.ibatis.ognl.SimpleNode.evaluateGetValueBody(SimpleNode.java:212) ~[mybatis-3.5.7.jar:3.5.7]
	at org.apache.ibatis.ognl.SimpleNode.getValue(SimpleNode.java:258) ~[mybatis-3.5.7.jar:3.5.7]
	at org.apache.ibatis.ognl.ASTChain.getValueBody(ASTChain.java:141) ~[mybatis-3.5.7.jar:3.5.7]
	at org.apache.ibatis.ognl.SimpleNode.evaluateGetValueBody(SimpleNode.java:212) ~[mybatis-3.5.7.jar:3.5.7]
	at org.apache.ibatis.ognl.SimpleNode.getValue(SimpleNode.java:258) ~[mybatis-3.5.7.jar:3.5.7]
	at org.apache.ibatis.ognl.ASTNotEq.getValueBody(ASTNotEq.java:50) ~[mybatis-3.5.7.jar:3.5.7]
	at org.apache.ibatis.ognl.SimpleNode.evaluateGetValueBody(SimpleNode.java:212) ~[mybatis-3.5.7.jar:3.5.7]
	at org.apache.ibatis.ognl.SimpleNode.getValue(SimpleNode.java:258) ~[mybatis-3.5.7.jar:3.5.7]
	at org.apache.ibatis.ognl.ASTAnd.getValueBody(ASTAnd.java:61) ~[mybatis-3.5.7.jar:3.5.7]
	at org.apache.ibatis.ognl.SimpleNode.evaluateGetValueBody(SimpleNode.java:212) ~[mybatis-3.5.7.jar:3.5.7]
	at org.apache.ibatis.ognl.SimpleNode.getValue(SimpleNode.java:258) ~[mybatis-3.5.7.jar:3.5.7]
	at org.apache.ibatis.ognl.Ognl.getValue(Ognl.java:586) ~[mybatis-3.5.7.jar:3.5.7]
	at org.apache.ibatis.ognl.Ognl.getValue(Ognl.java:550) ~[mybatis-3.5.7.jar:3.5.7]
	at org.apache.ibatis.scripting.xmltags.OgnlCache.getValue(OgnlCache.java:46) ~[mybatis-3.5.7.jar:3.5.7]
	... 92 common frames omitted
Caused by: java.lang.NoClassDefFoundError: Could not initialize class com.baomidou.mybatisplus.core.toolkit.support.SerializedLambdaMeta
	at com.baomidou.mybatisplus.core.toolkit.LambdaUtils.extract(LambdaUtils.java:55) ~[mybatis-plus-core-3.4.3.jar:3.4.3]
	at com.baomidou.mybatisplus.core.conditions.AbstractLambdaWrapper.getColumnCache(AbstractLambdaWrapper.java:75) ~[mybatis-plus-core-3.4.3.jar:3.4.3]
	at com.baomidou.mybatisplus.core.conditions.AbstractLambdaWrapper.columnToString(AbstractLambdaWrapper.java:62) ~[mybatis-plus-core-3.4.3.jar:3.4.3]
	at com.baomidou.mybatisplus.core.conditions.AbstractLambdaWrapper.columnToString(AbstractLambdaWrapper.java:58) ~[mybatis-plus-core-3.4.3.jar:3.4.3]
	at com.baomidou.mybatisplus.core.conditions.AbstractLambdaWrapper.columnToString(AbstractLambdaWrapper.java:38) ~[mybatis-plus-core-3.4.3.jar:3.4.3]
	at com.baomidou.mybatisplus.core.conditions.AbstractWrapper.lambda$columnToSqlSegment$a3f115af$1(AbstractWrapper.java:575) ~[mybatis-plus-core-3.4.3.jar:3.4.3]
	at java.base/java.util.stream.ReferencePipeline$3$1.accept(ReferencePipeline.java:197) ~[na:na]
	at java.base/java.util.ArrayList$ArrayListSpliterator.forEachRemaining(ArrayList.java:1625) ~[na:na]
	at java.base/java.util.stream.AbstractPipeline.copyInto(AbstractPipeline.java:509) ~[na:na]
	at java.base/java.util.stream.AbstractPipeline.wrapAndCopyInto(AbstractPipeline.java:499) ~[na:na]
	at java.base/java.util.stream.ReduceOps$ReduceOp.evaluateSequential(ReduceOps.java:921) ~[na:na]
	at java.base/java.util.stream.AbstractPipeline.evaluate(AbstractPipeline.java:234) ~[na:na]
	at java.base/java.util.stream.ReferencePipeline.collect(ReferencePipeline.java:682) ~[na:na]
	at com.baomidou.mybatisplus.core.conditions.segments.NormalSegmentList.childrenSqlSegment(NormalSegmentList.java:89) ~[mybatis-plus-core-3.4.3.jar:3.4.3]
	at com.baomidou.mybatisplus.core.conditions.segments.AbstractISegmentList.getSqlSegment(AbstractISegmentList.java:103) ~[mybatis-plus-core-3.4.3.jar:3.4.3]
	at com.baomidou.mybatisplus.core.conditions.segments.MergeSegments.getSqlSegment(MergeSegments.java:72) ~[mybatis-plus-core-3.4.3.jar:3.4.3]
	at com.baomidou.mybatisplus.core.conditions.AbstractWrapper.getSqlSegment(AbstractWrapper.java:525) ~[mybatis-plus-core-3.4.3.jar:3.4.3]
	at java.base/jdk.internal.reflect.NativeMethodAccessorImpl.invoke0(Native Method) ~[na:na]
	at java.base/jdk.internal.reflect.NativeMethodAccessorImpl.invoke(NativeMethodAccessorImpl.java:77) ~[na:na]
	at java.base/jdk.internal.reflect.DelegatingMethodAccessorImpl.invoke(DelegatingMethodAccessorImpl.java:43) ~[na:na]
	at java.base/java.lang.reflect.Method.invoke(Method.java:568) ~[na:na]
	at org.apache.ibatis.ognl.OgnlRuntime.invokeMethodInsideSandbox(OgnlRuntime.java:1266) ~[mybatis-3.5.7.jar:3.5.7]
	at org.apache.ibatis.ognl.OgnlRuntime.invokeMethod(OgnlRuntime.java:1251) ~[mybatis-3.5.7.jar:3.5.7]
	at org.apache.ibatis.ognl.OgnlRuntime.getMethodValue(OgnlRuntime.java:2163) ~[mybatis-3.5.7.jar:3.5.7]
	... 110 common frames omitted

16:34:36:537 ERROR 39732 --- [http-nio-8080-exec-6] c.h.common.advice.CommonExceptionAdvice  : 其他异常 uri : /users/login -> 

org.mybatis.spring.MyBatisSystemException: nested exception is org.apache.ibatis.builder.BuilderException: Error evaluating expression 'ew.sqlSegment != null and ew.sqlSegment != '' and ew.nonEmptyOfWhere'. Cause: org.apache.ibatis.ognl.OgnlException: sqlSegment [java.lang.NoClassDefFoundError: Could not initialize class com.baomidou.mybatisplus.core.toolkit.support.SerializedLambdaMeta]
	at org.mybatis.spring.MyBatisExceptionTranslator.translateExceptionIfPossible(MyBatisExceptionTranslator.java:96) ~[mybatis-spring-2.0.6.jar:2.0.6]
	at org.mybatis.spring.SqlSessionTemplate$SqlSessionInterceptor.invoke(SqlSessionTemplate.java:441) ~[mybatis-spring-2.0.6.jar:2.0.6]
	at jdk.proxy2/jdk.proxy2.$Proxy87.selectOne(Unknown Source) ~[na:na]
	at org.mybatis.spring.SqlSessionTemplate.selectOne(SqlSessionTemplate.java:160) ~[mybatis-spring-2.0.6.jar:2.0.6]
	at com.baomidou.mybatisplus.core.override.MybatisMapperMethod.execute(MybatisMapperMethod.java:89) ~[mybatis-plus-core-3.4.3.jar:3.4.3]
	at com.baomidou.mybatisplus.core.override.MybatisMapperProxy$PlainMethodInvoker.invoke(MybatisMapperProxy.java:148) ~[mybatis-plus-core-3.4.3.jar:3.4.3]
	at com.baomidou.mybatisplus.core.override.MybatisMapperProxy.invoke(MybatisMapperProxy.java:89) ~[mybatis-plus-core-3.4.3.jar:3.4.3]
	at jdk.proxy2/jdk.proxy2.$Proxy99.selectOne(Unknown Source) ~[na:na]
	at com.baomidou.mybatisplus.extension.conditions.query.ChainQuery.one(ChainQuery.java:48) ~[mybatis-plus-extension-3.4.3.jar:3.4.3]
	at com.hmall.service.impl.UserServiceImpl.login(UserServiceImpl.java:46) ~[classes/:na]
	at com.hmall.service.impl.UserServiceImpl$$FastClassBySpringCGLIB$$84609514.invoke(<generated>) ~[classes/:na]
	at org.springframework.cglib.proxy.MethodProxy.invoke(MethodProxy.java:218) ~[spring-core-5.3.27.jar:5.3.27]
	at org.springframework.aop.framework.CglibAopProxy.invokeMethod(CglibAopProxy.java:386) ~[spring-aop-5.3.27.jar:5.3.27]
	at org.springframework.aop.framework.CglibAopProxy.access$000(CglibAopProxy.java:85) ~[spring-aop-5.3.27.jar:5.3.27]
	at org.springframework.aop.framework.CglibAopProxy$DynamicAdvisedInterceptor.intercept(CglibAopProxy.java:704) ~[spring-aop-5.3.27.jar:5.3.27]
	at com.hmall.service.impl.UserServiceImpl$$EnhancerBySpringCGLIB$$80d4d314.login(<generated>) ~[classes/:na]
	at com.hmall.controller.UserController.login(UserController.java:25) ~[classes/:na]
	at java.base/jdk.internal.reflect.NativeMethodAccessorImpl.invoke0(Native Method) ~[na:na]
	at java.base/jdk.internal.reflect.NativeMethodAccessorImpl.invoke(NativeMethodAccessorImpl.java:77) ~[na:na]
	at java.base/jdk.internal.reflect.DelegatingMethodAccessorImpl.invoke(DelegatingMethodAccessorImpl.java:43) ~[na:na]
	at java.base/java.lang.reflect.Method.invoke(Method.java:568) ~[na:na]
	at org.springframework.web.method.support.InvocableHandlerMethod.doInvoke(InvocableHandlerMethod.java:205) ~[spring-web-5.3.27.jar:5.3.27]
	at org.springframework.web.method.support.InvocableHandlerMethod.invokeForRequest(InvocableHandlerMethod.java:150) ~[spring-web-5.3.27.jar:5.3.27]
	at org.springframework.web.servlet.mvc.method.annotation.ServletInvocableHandlerMethod.invokeAndHandle(ServletInvocableHandlerMethod.java:117) ~[spring-webmvc-5.3.27.jar:5.3.27]
	at org.springframework.web.servlet.mvc.method.annotation.RequestMappingHandlerAdapter.invokeHandlerMethod(RequestMappingHandlerAdapter.java:895) ~[spring-webmvc-5.3.27.jar:5.3.27]
	at org.springframework.web.servlet.mvc.method.annotation.RequestMappingHandlerAdapter.handleInternal(RequestMappingHandlerAdapter.java:808) ~[spring-webmvc-5.3.27.jar:5.3.27]
	at org.springframework.web.servlet.mvc.method.AbstractHandlerMethodAdapter.handle(AbstractHandlerMethodAdapter.java:87) ~[spring-webmvc-5.3.27.jar:5.3.27]
	at org.springframework.web.servlet.DispatcherServlet.doDispatch(DispatcherServlet.java:1072) ~[spring-webmvc-5.3.27.jar:5.3.27]
	at org.springframework.web.servlet.DispatcherServlet.doService(DispatcherServlet.java:965) ~[spring-webmvc-5.3.27.jar:5.3.27]
	at org.springframework.web.servlet.FrameworkServlet.processRequest(FrameworkServlet.java:1006) ~[spring-webmvc-5.3.27.jar:5.3.27]
	at org.springframework.web.servlet.FrameworkServlet.doPost(FrameworkServlet.java:909) ~[spring-webmvc-5.3.27.jar:5.3.27]
	at javax.servlet.http.HttpServlet.service(HttpServlet.java:555) ~[tomcat-embed-core-9.0.75.jar:4.0.FR]
	at org.springframework.web.servlet.FrameworkServlet.service(FrameworkServlet.java:883) ~[spring-webmvc-5.3.27.jar:5.3.27]
	at javax.servlet.http.HttpServlet.service(HttpServlet.java:623) ~[tomcat-embed-core-9.0.75.jar:4.0.FR]
	at org.apache.catalina.core.ApplicationFilterChain.internalDoFilter(ApplicationFilterChain.java:209) ~[tomcat-embed-core-9.0.75.jar:9.0.75]
	at org.apache.catalina.core.ApplicationFilterChain.doFilter(ApplicationFilterChain.java:153) ~[tomcat-embed-core-9.0.75.jar:9.0.75]
	at org.apache.tomcat.websocket.server.WsFilter.doFilter(WsFilter.java:51) ~[tomcat-embed-websocket-9.0.75.jar:9.0.75]
	at org.apache.catalina.core.ApplicationFilterChain.internalDoFilter(ApplicationFilterChain.java:178) ~[tomcat-embed-core-9.0.75.jar:9.0.75]
	at org.apache.catalina.core.ApplicationFilterChain.doFilter(ApplicationFilterChain.java:153) ~[tomcat-embed-core-9.0.75.jar:9.0.75]
	at org.springframework.web.filter.RequestContextFilter.doFilterInternal(RequestContextFilter.java:100) ~[spring-web-5.3.27.jar:5.3.27]
	at org.springframework.web.filter.OncePerRequestFilter.doFilter(OncePerRequestFilter.java:117) ~[spring-web-5.3.27.jar:5.3.27]
	at org.apache.catalina.core.ApplicationFilterChain.internalDoFilter(ApplicationFilterChain.java:178) ~[tomcat-embed-core-9.0.75.jar:9.0.75]
	at org.apache.catalina.core.ApplicationFilterChain.doFilter(ApplicationFilterChain.java:153) ~[tomcat-embed-core-9.0.75.jar:9.0.75]
	at org.springframework.web.filter.FormContentFilter.doFilterInternal(FormContentFilter.java:93) ~[spring-web-5.3.27.jar:5.3.27]
	at org.springframework.web.filter.OncePerRequestFilter.doFilter(OncePerRequestFilter.java:117) ~[spring-web-5.3.27.jar:5.3.27]
	at org.apache.catalina.core.ApplicationFilterChain.internalDoFilter(ApplicationFilterChain.java:178) ~[tomcat-embed-core-9.0.75.jar:9.0.75]
	at org.apache.catalina.core.ApplicationFilterChain.doFilter(ApplicationFilterChain.java:153) ~[tomcat-embed-core-9.0.75.jar:9.0.75]
	at org.springframework.web.filter.CharacterEncodingFilter.doFilterInternal(CharacterEncodingFilter.java:201) ~[spring-web-5.3.27.jar:5.3.27]
	at org.springframework.web.filter.OncePerRequestFilter.doFilter(OncePerRequestFilter.java:117) ~[spring-web-5.3.27.jar:5.3.27]
	at org.apache.catalina.core.ApplicationFilterChain.internalDoFilter(ApplicationFilterChain.java:178) ~[tomcat-embed-core-9.0.75.jar:9.0.75]
	at org.apache.catalina.core.ApplicationFilterChain.doFilter(ApplicationFilterChain.java:153) ~[tomcat-embed-core-9.0.75.jar:9.0.75]
	at org.apache.catalina.core.StandardWrapperValve.invoke(StandardWrapperValve.java:167) ~[tomcat-embed-core-9.0.75.jar:9.0.75]
	at org.apache.catalina.core.StandardContextValve.invoke(StandardContextValve.java:90) ~[tomcat-embed-core-9.0.75.jar:9.0.75]
	at org.apache.catalina.authenticator.AuthenticatorBase.invoke(AuthenticatorBase.java:481) ~[tomcat-embed-core-9.0.75.jar:9.0.75]
	at org.apache.catalina.core.StandardHostValve.invoke(StandardHostValve.java:130) ~[tomcat-embed-core-9.0.75.jar:9.0.75]
	at org.apache.catalina.valves.ErrorReportValve.invoke(ErrorReportValve.java:93) ~[tomcat-embed-core-9.0.75.jar:9.0.75]
	at org.apache.catalina.core.StandardEngineValve.invoke(StandardEngineValve.java:74) ~[tomcat-embed-core-9.0.75.jar:9.0.75]
	at org.apache.catalina.connector.CoyoteAdapter.service(CoyoteAdapter.java:343) ~[tomcat-embed-core-9.0.75.jar:9.0.75]
	at org.apache.coyote.http11.Http11Processor.service(Http11Processor.java:390) ~[tomcat-embed-core-9.0.75.jar:9.0.75]
	at org.apache.coyote.AbstractProcessorLight.process(AbstractProcessorLight.java:63) ~[tomcat-embed-core-9.0.75.jar:9.0.75]
	at org.apache.coyote.AbstractProtocol$ConnectionHandler.process(AbstractProtocol.java:926) ~[tomcat-embed-core-9.0.75.jar:9.0.75]
	at org.apache.tomcat.util.net.NioEndpoint$SocketProcessor.doRun(NioEndpoint.java:1791) ~[tomcat-embed-core-9.0.75.jar:9.0.75]
	at org.apache.tomcat.util.net.SocketProcessorBase.run(SocketProcessorBase.java:52) ~[tomcat-embed-core-9.0.75.jar:9.0.75]
	at org.apache.tomcat.util.threads.ThreadPoolExecutor.runWorker(ThreadPoolExecutor.java:1191) ~[tomcat-embed-core-9.0.75.jar:9.0.75]
	at org.apache.tomcat.util.threads.ThreadPoolExecutor$Worker.run(ThreadPoolExecutor.java:659) ~[tomcat-embed-core-9.0.75.jar:9.0.75]
	at org.apache.tomcat.util.threads.TaskThread$WrappingRunnable.run(TaskThread.java:61) ~[tomcat-embed-core-9.0.75.jar:9.0.75]
	at java.base/java.lang.Thread.run(Thread.java:833) ~[na:na]
Caused by: org.apache.ibatis.builder.BuilderException: Error evaluating expression 'ew.sqlSegment != null and ew.sqlSegment != '' and ew.nonEmptyOfWhere'. Cause: org.apache.ibatis.ognl.OgnlException: sqlSegment [java.lang.NoClassDefFoundError: Could not initialize class com.baomidou.mybatisplus.core.toolkit.support.SerializedLambdaMeta]
	at org.apache.ibatis.scripting.xmltags.OgnlCache.getValue(OgnlCache.java:48) ~[mybatis-3.5.7.jar:3.5.7]
	at org.apache.ibatis.scripting.xmltags.ExpressionEvaluator.evaluateBoolean(ExpressionEvaluator.java:32) ~[mybatis-3.5.7.jar:3.5.7]
	at org.apache.ibatis.scripting.xmltags.IfSqlNode.apply(IfSqlNode.java:34) ~[mybatis-3.5.7.jar:3.5.7]
	at org.apache.ibatis.scripting.xmltags.MixedSqlNode.lambda$apply$0(MixedSqlNode.java:32) ~[mybatis-3.5.7.jar:3.5.7]
	at java.base/java.util.ArrayList.forEach(ArrayList.java:1511) ~[na:na]
	at org.apache.ibatis.scripting.xmltags.MixedSqlNode.apply(MixedSqlNode.java:32) ~[mybatis-3.5.7.jar:3.5.7]
	at org.apache.ibatis.scripting.xmltags.TrimSqlNode.apply(TrimSqlNode.java:55) ~[mybatis-3.5.7.jar:3.5.7]
	at org.apache.ibatis.scripting.xmltags.MixedSqlNode.lambda$apply$0(MixedSqlNode.java:32) ~[mybatis-3.5.7.jar:3.5.7]
	at java.base/java.util.ArrayList.forEach(ArrayList.java:1511) ~[na:na]
	at org.apache.ibatis.scripting.xmltags.MixedSqlNode.apply(MixedSqlNode.java:32) ~[mybatis-3.5.7.jar:3.5.7]
	at org.apache.ibatis.scripting.xmltags.IfSqlNode.apply(IfSqlNode.java:35) ~[mybatis-3.5.7.jar:3.5.7]
	at org.apache.ibatis.scripting.xmltags.MixedSqlNode.lambda$apply$0(MixedSqlNode.java:32) ~[mybatis-3.5.7.jar:3.5.7]
	at java.base/java.util.ArrayList.forEach(ArrayList.java:1511) ~[na:na]
	at org.apache.ibatis.scripting.xmltags.MixedSqlNode.apply(MixedSqlNode.java:32) ~[mybatis-3.5.7.jar:3.5.7]
	at org.apache.ibatis.scripting.xmltags.DynamicSqlSource.getBoundSql(DynamicSqlSource.java:39) ~[mybatis-3.5.7.jar:3.5.7]
	at org.apache.ibatis.mapping.MappedStatement.getBoundSql(MappedStatement.java:305) ~[mybatis-3.5.7.jar:3.5.7]
	at com.baomidou.mybatisplus.extension.plugins.MybatisPlusInterceptor.intercept(MybatisPlusInterceptor.java:69) ~[mybatis-plus-extension-3.4.3.jar:3.4.3]
	at org.apache.ibatis.plugin.Plugin.invoke(Plugin.java:62) ~[mybatis-3.5.7.jar:3.5.7]
	at jdk.proxy2/jdk.proxy2.$Proxy131.query(Unknown Source) ~[na:na]
	at org.apache.ibatis.session.defaults.DefaultSqlSession.selectList(DefaultSqlSession.java:151) ~[mybatis-3.5.7.jar:3.5.7]
	at org.apache.ibatis.session.defaults.DefaultSqlSession.selectList(DefaultSqlSession.java:145) ~[mybatis-3.5.7.jar:3.5.7]
	at org.apache.ibatis.session.defaults.DefaultSqlSession.selectList(DefaultSqlSession.java:140) ~[mybatis-3.5.7.jar:3.5.7]
	at org.apache.ibatis.session.defaults.DefaultSqlSession.selectOne(DefaultSqlSession.java:76) ~[mybatis-3.5.7.jar:3.5.7]
	at java.base/jdk.internal.reflect.NativeMethodAccessorImpl.invoke0(Native Method) ~[na:na]
	at java.base/jdk.internal.reflect.NativeMethodAccessorImpl.invoke(NativeMethodAccessorImpl.java:77) ~[na:na]
	at java.base/jdk.internal.reflect.DelegatingMethodAccessorImpl.invoke(DelegatingMethodAccessorImpl.java:43) ~[na:na]
	at java.base/java.lang.reflect.Method.invoke(Method.java:568) ~[na:na]
	at org.mybatis.spring.SqlSessionTemplate$SqlSessionInterceptor.invoke(SqlSessionTemplate.java:427) ~[mybatis-spring-2.0.6.jar:2.0.6]
	... 65 common frames omitted
Caused by: org.apache.ibatis.ognl.OgnlException: sqlSegment
	at org.apache.ibatis.ognl.OgnlRuntime.getMethodValue(OgnlRuntime.java:2165) ~[mybatis-3.5.7.jar:3.5.7]
	at org.apache.ibatis.ognl.ObjectPropertyAccessor.getPossibleProperty(ObjectPropertyAccessor.java:66) ~[mybatis-3.5.7.jar:3.5.7]
	at org.apache.ibatis.ognl.ObjectPropertyAccessor.getProperty(ObjectPropertyAccessor.java:160) ~[mybatis-3.5.7.jar:3.5.7]
	at org.apache.ibatis.ognl.OgnlRuntime.getProperty(OgnlRuntime.java:3373) ~[mybatis-3.5.7.jar:3.5.7]
	at org.apache.ibatis.ognl.ASTProperty.getValueBody(ASTProperty.java:121) ~[mybatis-3.5.7.jar:3.5.7]
	at org.apache.ibatis.ognl.SimpleNode.evaluateGetValueBody(SimpleNode.java:212) ~[mybatis-3.5.7.jar:3.5.7]
	at org.apache.ibatis.ognl.SimpleNode.getValue(SimpleNode.java:258) ~[mybatis-3.5.7.jar:3.5.7]
	at org.apache.ibatis.ognl.ASTChain.getValueBody(ASTChain.java:141) ~[mybatis-3.5.7.jar:3.5.7]
	at org.apache.ibatis.ognl.SimpleNode.evaluateGetValueBody(SimpleNode.java:212) ~[mybatis-3.5.7.jar:3.5.7]
	at org.apache.ibatis.ognl.SimpleNode.getValue(SimpleNode.java:258) ~[mybatis-3.5.7.jar:3.5.7]
	at org.apache.ibatis.ognl.ASTNotEq.getValueBody(ASTNotEq.java:50) ~[mybatis-3.5.7.jar:3.5.7]
	at org.apache.ibatis.ognl.SimpleNode.evaluateGetValueBody(SimpleNode.java:212) ~[mybatis-3.5.7.jar:3.5.7]
	at org.apache.ibatis.ognl.SimpleNode.getValue(SimpleNode.java:258) ~[mybatis-3.5.7.jar:3.5.7]
	at org.apache.ibatis.ognl.ASTAnd.getValueBody(ASTAnd.java:61) ~[mybatis-3.5.7.jar:3.5.7]
	at org.apache.ibatis.ognl.SimpleNode.evaluateGetValueBody(SimpleNode.java:212) ~[mybatis-3.5.7.jar:3.5.7]
	at org.apache.ibatis.ognl.SimpleNode.getValue(SimpleNode.java:258) ~[mybatis-3.5.7.jar:3.5.7]
	at org.apache.ibatis.ognl.Ognl.getValue(Ognl.java:586) ~[mybatis-3.5.7.jar:3.5.7]
	at org.apache.ibatis.ognl.Ognl.getValue(Ognl.java:550) ~[mybatis-3.5.7.jar:3.5.7]
	at org.apache.ibatis.scripting.xmltags.OgnlCache.getValue(OgnlCache.java:46) ~[mybatis-3.5.7.jar:3.5.7]
	... 92 common frames omitted
Caused by: java.lang.NoClassDefFoundError: Could not initialize class com.baomidou.mybatisplus.core.toolkit.support.SerializedLambdaMeta
	at com.baomidou.mybatisplus.core.toolkit.LambdaUtils.extract(LambdaUtils.java:55) ~[mybatis-plus-core-3.4.3.jar:3.4.3]
	at com.baomidou.mybatisplus.core.conditions.AbstractLambdaWrapper.getColumnCache(AbstractLambdaWrapper.java:75) ~[mybatis-plus-core-3.4.3.jar:3.4.3]
	at com.baomidou.mybatisplus.core.conditions.AbstractLambdaWrapper.columnToString(AbstractLambdaWrapper.java:62) ~[mybatis-plus-core-3.4.3.jar:3.4.3]
	at com.baomidou.mybatisplus.core.conditions.AbstractLambdaWrapper.columnToString(AbstractLambdaWrapper.java:58) ~[mybatis-plus-core-3.4.3.jar:3.4.3]
	at com.baomidou.mybatisplus.core.conditions.AbstractLambdaWrapper.columnToString(AbstractLambdaWrapper.java:38) ~[mybatis-plus-core-3.4.3.jar:3.4.3]
	at com.baomidou.mybatisplus.core.conditions.AbstractWrapper.lambda$columnToSqlSegment$a3f115af$1(AbstractWrapper.java:575) ~[mybatis-plus-core-3.4.3.jar:3.4.3]
	at java.base/java.util.stream.ReferencePipeline$3$1.accept(ReferencePipeline.java:197) ~[na:na]
	at java.base/java.util.ArrayList$ArrayListSpliterator.forEachRemaining(ArrayList.java:1625) ~[na:na]
	at java.base/java.util.stream.AbstractPipeline.copyInto(AbstractPipeline.java:509) ~[na:na]
	at java.base/java.util.stream.AbstractPipeline.wrapAndCopyInto(AbstractPipeline.java:499) ~[na:na]
	at java.base/java.util.stream.ReduceOps$ReduceOp.evaluateSequential(ReduceOps.java:921) ~[na:na]
	at java.base/java.util.stream.AbstractPipeline.evaluate(AbstractPipeline.java:234) ~[na:na]
	at java.base/java.util.stream.ReferencePipeline.collect(ReferencePipeline.java:682) ~[na:na]
	at com.baomidou.mybatisplus.core.conditions.segments.NormalSegmentList.childrenSqlSegment(NormalSegmentList.java:89) ~[mybatis-plus-core-3.4.3.jar:3.4.3]
	at com.baomidou.mybatisplus.core.conditions.segments.AbstractISegmentList.getSqlSegment(AbstractISegmentList.java:103) ~[mybatis-plus-core-3.4.3.jar:3.4.3]
	at com.baomidou.mybatisplus.core.conditions.segments.MergeSegments.getSqlSegment(MergeSegments.java:72) ~[mybatis-plus-core-3.4.3.jar:3.4.3]
	at com.baomidou.mybatisplus.core.conditions.AbstractWrapper.getSqlSegment(AbstractWrapper.java:525) ~[mybatis-plus-core-3.4.3.jar:3.4.3]
	at java.base/jdk.internal.reflect.NativeMethodAccessorImpl.invoke0(Native Method) ~[na:na]
	at java.base/jdk.internal.reflect.NativeMethodAccessorImpl.invoke(NativeMethodAccessorImpl.java:77) ~[na:na]
	at java.base/jdk.internal.reflect.DelegatingMethodAccessorImpl.invoke(DelegatingMethodAccessorImpl.java:43) ~[na:na]
	at java.base/java.lang.reflect.Method.invoke(Method.java:568) ~[na:na]
	at org.apache.ibatis.ognl.OgnlRuntime.invokeMethodInsideSandbox(OgnlRuntime.java:1266) ~[mybatis-3.5.7.jar:3.5.7]
	at org.apache.ibatis.ognl.OgnlRuntime.invokeMethod(OgnlRuntime.java:1251) ~[mybatis-3.5.7.jar:3.5.7]
	at org.apache.ibatis.ognl.OgnlRuntime.getMethodValue(OgnlRuntime.java:2163) ~[mybatis-3.5.7.jar:3.5.7]
	... 110 common frames omitted

16:34:46:981 ERROR 39732 --- [http-nio-8080-exec-7] c.h.common.advice.CommonExceptionAdvice  : 其他异常 uri : /users/login -> 

org.mybatis.spring.MyBatisSystemException: nested exception is org.apache.ibatis.builder.BuilderException: Error evaluating expression 'ew.sqlSegment != null and ew.sqlSegment != '' and ew.nonEmptyOfWhere'. Cause: org.apache.ibatis.ognl.OgnlException: sqlSegment [java.lang.NoClassDefFoundError: Could not initialize class com.baomidou.mybatisplus.core.toolkit.support.SerializedLambdaMeta]
	at org.mybatis.spring.MyBatisExceptionTranslator.translateExceptionIfPossible(MyBatisExceptionTranslator.java:96) ~[mybatis-spring-2.0.6.jar:2.0.6]
	at org.mybatis.spring.SqlSessionTemplate$SqlSessionInterceptor.invoke(SqlSessionTemplate.java:441) ~[mybatis-spring-2.0.6.jar:2.0.6]
	at jdk.proxy2/jdk.proxy2.$Proxy87.selectOne(Unknown Source) ~[na:na]
	at org.mybatis.spring.SqlSessionTemplate.selectOne(SqlSessionTemplate.java:160) ~[mybatis-spring-2.0.6.jar:2.0.6]
	at com.baomidou.mybatisplus.core.override.MybatisMapperMethod.execute(MybatisMapperMethod.java:89) ~[mybatis-plus-core-3.4.3.jar:3.4.3]
	at com.baomidou.mybatisplus.core.override.MybatisMapperProxy$PlainMethodInvoker.invoke(MybatisMapperProxy.java:148) ~[mybatis-plus-core-3.4.3.jar:3.4.3]
	at com.baomidou.mybatisplus.core.override.MybatisMapperProxy.invoke(MybatisMapperProxy.java:89) ~[mybatis-plus-core-3.4.3.jar:3.4.3]
	at jdk.proxy2/jdk.proxy2.$Proxy99.selectOne(Unknown Source) ~[na:na]
	at com.baomidou.mybatisplus.extension.conditions.query.ChainQuery.one(ChainQuery.java:48) ~[mybatis-plus-extension-3.4.3.jar:3.4.3]
	at com.hmall.service.impl.UserServiceImpl.login(UserServiceImpl.java:46) ~[classes/:na]
	at com.hmall.service.impl.UserServiceImpl$$FastClassBySpringCGLIB$$84609514.invoke(<generated>) ~[classes/:na]
	at org.springframework.cglib.proxy.MethodProxy.invoke(MethodProxy.java:218) ~[spring-core-5.3.27.jar:5.3.27]
	at org.springframework.aop.framework.CglibAopProxy.invokeMethod(CglibAopProxy.java:386) ~[spring-aop-5.3.27.jar:5.3.27]
	at org.springframework.aop.framework.CglibAopProxy.access$000(CglibAopProxy.java:85) ~[spring-aop-5.3.27.jar:5.3.27]
	at org.springframework.aop.framework.CglibAopProxy$DynamicAdvisedInterceptor.intercept(CglibAopProxy.java:704) ~[spring-aop-5.3.27.jar:5.3.27]
	at com.hmall.service.impl.UserServiceImpl$$EnhancerBySpringCGLIB$$80d4d314.login(<generated>) ~[classes/:na]
	at com.hmall.controller.UserController.login(UserController.java:25) ~[classes/:na]
	at java.base/jdk.internal.reflect.NativeMethodAccessorImpl.invoke0(Native Method) ~[na:na]
	at java.base/jdk.internal.reflect.NativeMethodAccessorImpl.invoke(NativeMethodAccessorImpl.java:77) ~[na:na]
	at java.base/jdk.internal.reflect.DelegatingMethodAccessorImpl.invoke(DelegatingMethodAccessorImpl.java:43) ~[na:na]
	at java.base/java.lang.reflect.Method.invoke(Method.java:568) ~[na:na]
	at org.springframework.web.method.support.InvocableHandlerMethod.doInvoke(InvocableHandlerMethod.java:205) ~[spring-web-5.3.27.jar:5.3.27]
	at org.springframework.web.method.support.InvocableHandlerMethod.invokeForRequest(InvocableHandlerMethod.java:150) ~[spring-web-5.3.27.jar:5.3.27]
	at org.springframework.web.servlet.mvc.method.annotation.ServletInvocableHandlerMethod.invokeAndHandle(ServletInvocableHandlerMethod.java:117) ~[spring-webmvc-5.3.27.jar:5.3.27]
	at org.springframework.web.servlet.mvc.method.annotation.RequestMappingHandlerAdapter.invokeHandlerMethod(RequestMappingHandlerAdapter.java:895) ~[spring-webmvc-5.3.27.jar:5.3.27]
	at org.springframework.web.servlet.mvc.method.annotation.RequestMappingHandlerAdapter.handleInternal(RequestMappingHandlerAdapter.java:808) ~[spring-webmvc-5.3.27.jar:5.3.27]
	at org.springframework.web.servlet.mvc.method.AbstractHandlerMethodAdapter.handle(AbstractHandlerMethodAdapter.java:87) ~[spring-webmvc-5.3.27.jar:5.3.27]
	at org.springframework.web.servlet.DispatcherServlet.doDispatch(DispatcherServlet.java:1072) ~[spring-webmvc-5.3.27.jar:5.3.27]
	at org.springframework.web.servlet.DispatcherServlet.doService(DispatcherServlet.java:965) ~[spring-webmvc-5.3.27.jar:5.3.27]
	at org.springframework.web.servlet.FrameworkServlet.processRequest(FrameworkServlet.java:1006) ~[spring-webmvc-5.3.27.jar:5.3.27]
	at org.springframework.web.servlet.FrameworkServlet.doPost(FrameworkServlet.java:909) ~[spring-webmvc-5.3.27.jar:5.3.27]
	at javax.servlet.http.HttpServlet.service(HttpServlet.java:555) ~[tomcat-embed-core-9.0.75.jar:4.0.FR]
	at org.springframework.web.servlet.FrameworkServlet.service(FrameworkServlet.java:883) ~[spring-webmvc-5.3.27.jar:5.3.27]
	at javax.servlet.http.HttpServlet.service(HttpServlet.java:623) ~[tomcat-embed-core-9.0.75.jar:4.0.FR]
	at org.apache.catalina.core.ApplicationFilterChain.internalDoFilter(ApplicationFilterChain.java:209) ~[tomcat-embed-core-9.0.75.jar:9.0.75]
	at org.apache.catalina.core.ApplicationFilterChain.doFilter(ApplicationFilterChain.java:153) ~[tomcat-embed-core-9.0.75.jar:9.0.75]
	at org.apache.tomcat.websocket.server.WsFilter.doFilter(WsFilter.java:51) ~[tomcat-embed-websocket-9.0.75.jar:9.0.75]
	at org.apache.catalina.core.ApplicationFilterChain.internalDoFilter(ApplicationFilterChain.java:178) ~[tomcat-embed-core-9.0.75.jar:9.0.75]
	at org.apache.catalina.core.ApplicationFilterChain.doFilter(ApplicationFilterChain.java:153) ~[tomcat-embed-core-9.0.75.jar:9.0.75]
	at org.springframework.web.filter.RequestContextFilter.doFilterInternal(RequestContextFilter.java:100) ~[spring-web-5.3.27.jar:5.3.27]
	at org.springframework.web.filter.OncePerRequestFilter.doFilter(OncePerRequestFilter.java:117) ~[spring-web-5.3.27.jar:5.3.27]
	at org.apache.catalina.core.ApplicationFilterChain.internalDoFilter(ApplicationFilterChain.java:178) ~[tomcat-embed-core-9.0.75.jar:9.0.75]
	at org.apache.catalina.core.ApplicationFilterChain.doFilter(ApplicationFilterChain.java:153) ~[tomcat-embed-core-9.0.75.jar:9.0.75]
	at org.springframework.web.filter.FormContentFilter.doFilterInternal(FormContentFilter.java:93) ~[spring-web-5.3.27.jar:5.3.27]
	at org.springframework.web.filter.OncePerRequestFilter.doFilter(OncePerRequestFilter.java:117) ~[spring-web-5.3.27.jar:5.3.27]
	at org.apache.catalina.core.ApplicationFilterChain.internalDoFilter(ApplicationFilterChain.java:178) ~[tomcat-embed-core-9.0.75.jar:9.0.75]
	at org.apache.catalina.core.ApplicationFilterChain.doFilter(ApplicationFilterChain.java:153) ~[tomcat-embed-core-9.0.75.jar:9.0.75]
	at org.springframework.web.filter.CharacterEncodingFilter.doFilterInternal(CharacterEncodingFilter.java:201) ~[spring-web-5.3.27.jar:5.3.27]
	at org.springframework.web.filter.OncePerRequestFilter.doFilter(OncePerRequestFilter.java:117) ~[spring-web-5.3.27.jar:5.3.27]
	at org.apache.catalina.core.ApplicationFilterChain.internalDoFilter(ApplicationFilterChain.java:178) ~[tomcat-embed-core-9.0.75.jar:9.0.75]
	at org.apache.catalina.core.ApplicationFilterChain.doFilter(ApplicationFilterChain.java:153) ~[tomcat-embed-core-9.0.75.jar:9.0.75]
	at org.apache.catalina.core.StandardWrapperValve.invoke(StandardWrapperValve.java:167) ~[tomcat-embed-core-9.0.75.jar:9.0.75]
	at org.apache.catalina.core.StandardContextValve.invoke(StandardContextValve.java:90) ~[tomcat-embed-core-9.0.75.jar:9.0.75]
	at org.apache.catalina.authenticator.AuthenticatorBase.invoke(AuthenticatorBase.java:481) ~[tomcat-embed-core-9.0.75.jar:9.0.75]
	at org.apache.catalina.core.StandardHostValve.invoke(StandardHostValve.java:130) ~[tomcat-embed-core-9.0.75.jar:9.0.75]
	at org.apache.catalina.valves.ErrorReportValve.invoke(ErrorReportValve.java:93) ~[tomcat-embed-core-9.0.75.jar:9.0.75]
	at org.apache.catalina.core.StandardEngineValve.invoke(StandardEngineValve.java:74) ~[tomcat-embed-core-9.0.75.jar:9.0.75]
	at org.apache.catalina.connector.CoyoteAdapter.service(CoyoteAdapter.java:343) ~[tomcat-embed-core-9.0.75.jar:9.0.75]
	at org.apache.coyote.http11.Http11Processor.service(Http11Processor.java:390) ~[tomcat-embed-core-9.0.75.jar:9.0.75]
	at org.apache.coyote.AbstractProcessorLight.process(AbstractProcessorLight.java:63) ~[tomcat-embed-core-9.0.75.jar:9.0.75]
	at org.apache.coyote.AbstractProtocol$ConnectionHandler.process(AbstractProtocol.java:926) ~[tomcat-embed-core-9.0.75.jar:9.0.75]
	at org.apache.tomcat.util.net.NioEndpoint$SocketProcessor.doRun(NioEndpoint.java:1791) ~[tomcat-embed-core-9.0.75.jar:9.0.75]
	at org.apache.tomcat.util.net.SocketProcessorBase.run(SocketProcessorBase.java:52) ~[tomcat-embed-core-9.0.75.jar:9.0.75]
	at org.apache.tomcat.util.threads.ThreadPoolExecutor.runWorker(ThreadPoolExecutor.java:1191) ~[tomcat-embed-core-9.0.75.jar:9.0.75]
	at org.apache.tomcat.util.threads.ThreadPoolExecutor$Worker.run(ThreadPoolExecutor.java:659) ~[tomcat-embed-core-9.0.75.jar:9.0.75]
	at org.apache.tomcat.util.threads.TaskThread$WrappingRunnable.run(TaskThread.java:61) ~[tomcat-embed-core-9.0.75.jar:9.0.75]
	at java.base/java.lang.Thread.run(Thread.java:833) ~[na:na]
Caused by: org.apache.ibatis.builder.BuilderException: Error evaluating expression 'ew.sqlSegment != null and ew.sqlSegment != '' and ew.nonEmptyOfWhere'. Cause: org.apache.ibatis.ognl.OgnlException: sqlSegment [java.lang.NoClassDefFoundError: Could not initialize class com.baomidou.mybatisplus.core.toolkit.support.SerializedLambdaMeta]
	at org.apache.ibatis.scripting.xmltags.OgnlCache.getValue(OgnlCache.java:48) ~[mybatis-3.5.7.jar:3.5.7]
	at org.apache.ibatis.scripting.xmltags.ExpressionEvaluator.evaluateBoolean(ExpressionEvaluator.java:32) ~[mybatis-3.5.7.jar:3.5.7]
	at org.apache.ibatis.scripting.xmltags.IfSqlNode.apply(IfSqlNode.java:34) ~[mybatis-3.5.7.jar:3.5.7]
	at org.apache.ibatis.scripting.xmltags.MixedSqlNode.lambda$apply$0(MixedSqlNode.java:32) ~[mybatis-3.5.7.jar:3.5.7]
	at java.base/java.util.ArrayList.forEach(ArrayList.java:1511) ~[na:na]
	at org.apache.ibatis.scripting.xmltags.MixedSqlNode.apply(MixedSqlNode.java:32) ~[mybatis-3.5.7.jar:3.5.7]
	at org.apache.ibatis.scripting.xmltags.TrimSqlNode.apply(TrimSqlNode.java:55) ~[mybatis-3.5.7.jar:3.5.7]
	at org.apache.ibatis.scripting.xmltags.MixedSqlNode.lambda$apply$0(MixedSqlNode.java:32) ~[mybatis-3.5.7.jar:3.5.7]
	at java.base/java.util.ArrayList.forEach(ArrayList.java:1511) ~[na:na]
	at org.apache.ibatis.scripting.xmltags.MixedSqlNode.apply(MixedSqlNode.java:32) ~[mybatis-3.5.7.jar:3.5.7]
	at org.apache.ibatis.scripting.xmltags.IfSqlNode.apply(IfSqlNode.java:35) ~[mybatis-3.5.7.jar:3.5.7]
	at org.apache.ibatis.scripting.xmltags.MixedSqlNode.lambda$apply$0(MixedSqlNode.java:32) ~[mybatis-3.5.7.jar:3.5.7]
	at java.base/java.util.ArrayList.forEach(ArrayList.java:1511) ~[na:na]
	at org.apache.ibatis.scripting.xmltags.MixedSqlNode.apply(MixedSqlNode.java:32) ~[mybatis-3.5.7.jar:3.5.7]
	at org.apache.ibatis.scripting.xmltags.DynamicSqlSource.getBoundSql(DynamicSqlSource.java:39) ~[mybatis-3.5.7.jar:3.5.7]
	at org.apache.ibatis.mapping.MappedStatement.getBoundSql(MappedStatement.java:305) ~[mybatis-3.5.7.jar:3.5.7]
	at com.baomidou.mybatisplus.extension.plugins.MybatisPlusInterceptor.intercept(MybatisPlusInterceptor.java:69) ~[mybatis-plus-extension-3.4.3.jar:3.4.3]
	at org.apache.ibatis.plugin.Plugin.invoke(Plugin.java:62) ~[mybatis-3.5.7.jar:3.5.7]
	at jdk.proxy2/jdk.proxy2.$Proxy131.query(Unknown Source) ~[na:na]
	at org.apache.ibatis.session.defaults.DefaultSqlSession.selectList(DefaultSqlSession.java:151) ~[mybatis-3.5.7.jar:3.5.7]
	at org.apache.ibatis.session.defaults.DefaultSqlSession.selectList(DefaultSqlSession.java:145) ~[mybatis-3.5.7.jar:3.5.7]
	at org.apache.ibatis.session.defaults.DefaultSqlSession.selectList(DefaultSqlSession.java:140) ~[mybatis-3.5.7.jar:3.5.7]
	at org.apache.ibatis.session.defaults.DefaultSqlSession.selectOne(DefaultSqlSession.java:76) ~[mybatis-3.5.7.jar:3.5.7]
	at java.base/jdk.internal.reflect.NativeMethodAccessorImpl.invoke0(Native Method) ~[na:na]
	at java.base/jdk.internal.reflect.NativeMethodAccessorImpl.invoke(NativeMethodAccessorImpl.java:77) ~[na:na]
	at java.base/jdk.internal.reflect.DelegatingMethodAccessorImpl.invoke(DelegatingMethodAccessorImpl.java:43) ~[na:na]
	at java.base/java.lang.reflect.Method.invoke(Method.java:568) ~[na:na]
	at org.mybatis.spring.SqlSessionTemplate$SqlSessionInterceptor.invoke(SqlSessionTemplate.java:427) ~[mybatis-spring-2.0.6.jar:2.0.6]
	... 65 common frames omitted
Caused by: org.apache.ibatis.ognl.OgnlException: sqlSegment
	at org.apache.ibatis.ognl.OgnlRuntime.getMethodValue(OgnlRuntime.java:2165) ~[mybatis-3.5.7.jar:3.5.7]
	at org.apache.ibatis.ognl.ObjectPropertyAccessor.getPossibleProperty(ObjectPropertyAccessor.java:66) ~[mybatis-3.5.7.jar:3.5.7]
	at org.apache.ibatis.ognl.ObjectPropertyAccessor.getProperty(ObjectPropertyAccessor.java:160) ~[mybatis-3.5.7.jar:3.5.7]
	at org.apache.ibatis.ognl.OgnlRuntime.getProperty(OgnlRuntime.java:3373) ~[mybatis-3.5.7.jar:3.5.7]
	at org.apache.ibatis.ognl.ASTProperty.getValueBody(ASTProperty.java:121) ~[mybatis-3.5.7.jar:3.5.7]
	at org.apache.ibatis.ognl.SimpleNode.evaluateGetValueBody(SimpleNode.java:212) ~[mybatis-3.5.7.jar:3.5.7]
	at org.apache.ibatis.ognl.SimpleNode.getValue(SimpleNode.java:258) ~[mybatis-3.5.7.jar:3.5.7]
	at org.apache.ibatis.ognl.ASTChain.getValueBody(ASTChain.java:141) ~[mybatis-3.5.7.jar:3.5.7]
	at org.apache.ibatis.ognl.SimpleNode.evaluateGetValueBody(SimpleNode.java:212) ~[mybatis-3.5.7.jar:3.5.7]
	at org.apache.ibatis.ognl.SimpleNode.getValue(SimpleNode.java:258) ~[mybatis-3.5.7.jar:3.5.7]
	at org.apache.ibatis.ognl.ASTNotEq.getValueBody(ASTNotEq.java:50) ~[mybatis-3.5.7.jar:3.5.7]
	at org.apache.ibatis.ognl.SimpleNode.evaluateGetValueBody(SimpleNode.java:212) ~[mybatis-3.5.7.jar:3.5.7]
	at org.apache.ibatis.ognl.SimpleNode.getValue(SimpleNode.java:258) ~[mybatis-3.5.7.jar:3.5.7]
	at org.apache.ibatis.ognl.ASTAnd.getValueBody(ASTAnd.java:61) ~[mybatis-3.5.7.jar:3.5.7]
	at org.apache.ibatis.ognl.SimpleNode.evaluateGetValueBody(SimpleNode.java:212) ~[mybatis-3.5.7.jar:3.5.7]
	at org.apache.ibatis.ognl.SimpleNode.getValue(SimpleNode.java:258) ~[mybatis-3.5.7.jar:3.5.7]
	at org.apache.ibatis.ognl.Ognl.getValue(Ognl.java:586) ~[mybatis-3.5.7.jar:3.5.7]
	at org.apache.ibatis.ognl.Ognl.getValue(Ognl.java:550) ~[mybatis-3.5.7.jar:3.5.7]
	at org.apache.ibatis.scripting.xmltags.OgnlCache.getValue(OgnlCache.java:46) ~[mybatis-3.5.7.jar:3.5.7]
	... 92 common frames omitted
Caused by: java.lang.NoClassDefFoundError: Could not initialize class com.baomidou.mybatisplus.core.toolkit.support.SerializedLambdaMeta
	at com.baomidou.mybatisplus.core.toolkit.LambdaUtils.extract(LambdaUtils.java:55) ~[mybatis-plus-core-3.4.3.jar:3.4.3]
	at com.baomidou.mybatisplus.core.conditions.AbstractLambdaWrapper.getColumnCache(AbstractLambdaWrapper.java:75) ~[mybatis-plus-core-3.4.3.jar:3.4.3]
	at com.baomidou.mybatisplus.core.conditions.AbstractLambdaWrapper.columnToString(AbstractLambdaWrapper.java:62) ~[mybatis-plus-core-3.4.3.jar:3.4.3]
	at com.baomidou.mybatisplus.core.conditions.AbstractLambdaWrapper.columnToString(AbstractLambdaWrapper.java:58) ~[mybatis-plus-core-3.4.3.jar:3.4.3]
	at com.baomidou.mybatisplus.core.conditions.AbstractLambdaWrapper.columnToString(AbstractLambdaWrapper.java:38) ~[mybatis-plus-core-3.4.3.jar:3.4.3]
	at com.baomidou.mybatisplus.core.conditions.AbstractWrapper.lambda$columnToSqlSegment$a3f115af$1(AbstractWrapper.java:575) ~[mybatis-plus-core-3.4.3.jar:3.4.3]
	at java.base/java.util.stream.ReferencePipeline$3$1.accept(ReferencePipeline.java:197) ~[na:na]
	at java.base/java.util.ArrayList$ArrayListSpliterator.forEachRemaining(ArrayList.java:1625) ~[na:na]
	at java.base/java.util.stream.AbstractPipeline.copyInto(AbstractPipeline.java:509) ~[na:na]
	at java.base/java.util.stream.AbstractPipeline.wrapAndCopyInto(AbstractPipeline.java:499) ~[na:na]
	at java.base/java.util.stream.ReduceOps$ReduceOp.evaluateSequential(ReduceOps.java:921) ~[na:na]
	at java.base/java.util.stream.AbstractPipeline.evaluate(AbstractPipeline.java:234) ~[na:na]
	at java.base/java.util.stream.ReferencePipeline.collect(ReferencePipeline.java:682) ~[na:na]
	at com.baomidou.mybatisplus.core.conditions.segments.NormalSegmentList.childrenSqlSegment(NormalSegmentList.java:89) ~[mybatis-plus-core-3.4.3.jar:3.4.3]
	at com.baomidou.mybatisplus.core.conditions.segments.AbstractISegmentList.getSqlSegment(AbstractISegmentList.java:103) ~[mybatis-plus-core-3.4.3.jar:3.4.3]
	at com.baomidou.mybatisplus.core.conditions.segments.MergeSegments.getSqlSegment(MergeSegments.java:72) ~[mybatis-plus-core-3.4.3.jar:3.4.3]
	at com.baomidou.mybatisplus.core.conditions.AbstractWrapper.getSqlSegment(AbstractWrapper.java:525) ~[mybatis-plus-core-3.4.3.jar:3.4.3]
	at java.base/jdk.internal.reflect.NativeMethodAccessorImpl.invoke0(Native Method) ~[na:na]
	at java.base/jdk.internal.reflect.NativeMethodAccessorImpl.invoke(NativeMethodAccessorImpl.java:77) ~[na:na]
	at java.base/jdk.internal.reflect.DelegatingMethodAccessorImpl.invoke(DelegatingMethodAccessorImpl.java:43) ~[na:na]
	at java.base/java.lang.reflect.Method.invoke(Method.java:568) ~[na:na]
	at org.apache.ibatis.ognl.OgnlRuntime.invokeMethodInsideSandbox(OgnlRuntime.java:1266) ~[mybatis-3.5.7.jar:3.5.7]
	at org.apache.ibatis.ognl.OgnlRuntime.invokeMethod(OgnlRuntime.java:1251) ~[mybatis-3.5.7.jar:3.5.7]
	at org.apache.ibatis.ognl.OgnlRuntime.getMethodValue(OgnlRuntime.java:2163) ~[mybatis-3.5.7.jar:3.5.7]
	... 110 common frames omitted

16:34:48:725 ERROR 39732 --- [http-nio-8080-exec-8] c.h.common.advice.CommonExceptionAdvice  : 其他异常 uri : /users/login -> 

org.mybatis.spring.MyBatisSystemException: nested exception is org.apache.ibatis.builder.BuilderException: Error evaluating expression 'ew.sqlSegment != null and ew.sqlSegment != '' and ew.nonEmptyOfWhere'. Cause: org.apache.ibatis.ognl.OgnlException: sqlSegment [java.lang.NoClassDefFoundError: Could not initialize class com.baomidou.mybatisplus.core.toolkit.support.SerializedLambdaMeta]
	at org.mybatis.spring.MyBatisExceptionTranslator.translateExceptionIfPossible(MyBatisExceptionTranslator.java:96) ~[mybatis-spring-2.0.6.jar:2.0.6]
	at org.mybatis.spring.SqlSessionTemplate$SqlSessionInterceptor.invoke(SqlSessionTemplate.java:441) ~[mybatis-spring-2.0.6.jar:2.0.6]
	at jdk.proxy2/jdk.proxy2.$Proxy87.selectOne(Unknown Source) ~[na:na]
	at org.mybatis.spring.SqlSessionTemplate.selectOne(SqlSessionTemplate.java:160) ~[mybatis-spring-2.0.6.jar:2.0.6]
	at com.baomidou.mybatisplus.core.override.MybatisMapperMethod.execute(MybatisMapperMethod.java:89) ~[mybatis-plus-core-3.4.3.jar:3.4.3]
	at com.baomidou.mybatisplus.core.override.MybatisMapperProxy$PlainMethodInvoker.invoke(MybatisMapperProxy.java:148) ~[mybatis-plus-core-3.4.3.jar:3.4.3]
	at com.baomidou.mybatisplus.core.override.MybatisMapperProxy.invoke(MybatisMapperProxy.java:89) ~[mybatis-plus-core-3.4.3.jar:3.4.3]
	at jdk.proxy2/jdk.proxy2.$Proxy99.selectOne(Unknown Source) ~[na:na]
	at com.baomidou.mybatisplus.extension.conditions.query.ChainQuery.one(ChainQuery.java:48) ~[mybatis-plus-extension-3.4.3.jar:3.4.3]
	at com.hmall.service.impl.UserServiceImpl.login(UserServiceImpl.java:46) ~[classes/:na]
	at com.hmall.service.impl.UserServiceImpl$$FastClassBySpringCGLIB$$84609514.invoke(<generated>) ~[classes/:na]
	at org.springframework.cglib.proxy.MethodProxy.invoke(MethodProxy.java:218) ~[spring-core-5.3.27.jar:5.3.27]
	at org.springframework.aop.framework.CglibAopProxy.invokeMethod(CglibAopProxy.java:386) ~[spring-aop-5.3.27.jar:5.3.27]
	at org.springframework.aop.framework.CglibAopProxy.access$000(CglibAopProxy.java:85) ~[spring-aop-5.3.27.jar:5.3.27]
	at org.springframework.aop.framework.CglibAopProxy$DynamicAdvisedInterceptor.intercept(CglibAopProxy.java:704) ~[spring-aop-5.3.27.jar:5.3.27]
	at com.hmall.service.impl.UserServiceImpl$$EnhancerBySpringCGLIB$$80d4d314.login(<generated>) ~[classes/:na]
	at com.hmall.controller.UserController.login(UserController.java:25) ~[classes/:na]
	at java.base/jdk.internal.reflect.NativeMethodAccessorImpl.invoke0(Native Method) ~[na:na]
	at java.base/jdk.internal.reflect.NativeMethodAccessorImpl.invoke(NativeMethodAccessorImpl.java:77) ~[na:na]
	at java.base/jdk.internal.reflect.DelegatingMethodAccessorImpl.invoke(DelegatingMethodAccessorImpl.java:43) ~[na:na]
	at java.base/java.lang.reflect.Method.invoke(Method.java:568) ~[na:na]
	at org.springframework.web.method.support.InvocableHandlerMethod.doInvoke(InvocableHandlerMethod.java:205) ~[spring-web-5.3.27.jar:5.3.27]
	at org.springframework.web.method.support.InvocableHandlerMethod.invokeForRequest(InvocableHandlerMethod.java:150) ~[spring-web-5.3.27.jar:5.3.27]
	at org.springframework.web.servlet.mvc.method.annotation.ServletInvocableHandlerMethod.invokeAndHandle(ServletInvocableHandlerMethod.java:117) ~[spring-webmvc-5.3.27.jar:5.3.27]
	at org.springframework.web.servlet.mvc.method.annotation.RequestMappingHandlerAdapter.invokeHandlerMethod(RequestMappingHandlerAdapter.java:895) ~[spring-webmvc-5.3.27.jar:5.3.27]
	at org.springframework.web.servlet.mvc.method.annotation.RequestMappingHandlerAdapter.handleInternal(RequestMappingHandlerAdapter.java:808) ~[spring-webmvc-5.3.27.jar:5.3.27]
	at org.springframework.web.servlet.mvc.method.AbstractHandlerMethodAdapter.handle(AbstractHandlerMethodAdapter.java:87) ~[spring-webmvc-5.3.27.jar:5.3.27]
	at org.springframework.web.servlet.DispatcherServlet.doDispatch(DispatcherServlet.java:1072) ~[spring-webmvc-5.3.27.jar:5.3.27]
	at org.springframework.web.servlet.DispatcherServlet.doService(DispatcherServlet.java:965) ~[spring-webmvc-5.3.27.jar:5.3.27]
	at org.springframework.web.servlet.FrameworkServlet.processRequest(FrameworkServlet.java:1006) ~[spring-webmvc-5.3.27.jar:5.3.27]
	at org.springframework.web.servlet.FrameworkServlet.doPost(FrameworkServlet.java:909) ~[spring-webmvc-5.3.27.jar:5.3.27]
	at javax.servlet.http.HttpServlet.service(HttpServlet.java:555) ~[tomcat-embed-core-9.0.75.jar:4.0.FR]
	at org.springframework.web.servlet.FrameworkServlet.service(FrameworkServlet.java:883) ~[spring-webmvc-5.3.27.jar:5.3.27]
	at javax.servlet.http.HttpServlet.service(HttpServlet.java:623) ~[tomcat-embed-core-9.0.75.jar:4.0.FR]
	at org.apache.catalina.core.ApplicationFilterChain.internalDoFilter(ApplicationFilterChain.java:209) ~[tomcat-embed-core-9.0.75.jar:9.0.75]
	at org.apache.catalina.core.ApplicationFilterChain.doFilter(ApplicationFilterChain.java:153) ~[tomcat-embed-core-9.0.75.jar:9.0.75]
	at org.apache.tomcat.websocket.server.WsFilter.doFilter(WsFilter.java:51) ~[tomcat-embed-websocket-9.0.75.jar:9.0.75]
	at org.apache.catalina.core.ApplicationFilterChain.internalDoFilter(ApplicationFilterChain.java:178) ~[tomcat-embed-core-9.0.75.jar:9.0.75]
	at org.apache.catalina.core.ApplicationFilterChain.doFilter(ApplicationFilterChain.java:153) ~[tomcat-embed-core-9.0.75.jar:9.0.75]
	at org.springframework.web.filter.RequestContextFilter.doFilterInternal(RequestContextFilter.java:100) ~[spring-web-5.3.27.jar:5.3.27]
	at org.springframework.web.filter.OncePerRequestFilter.doFilter(OncePerRequestFilter.java:117) ~[spring-web-5.3.27.jar:5.3.27]
	at org.apache.catalina.core.ApplicationFilterChain.internalDoFilter(ApplicationFilterChain.java:178) ~[tomcat-embed-core-9.0.75.jar:9.0.75]
	at org.apache.catalina.core.ApplicationFilterChain.doFilter(ApplicationFilterChain.java:153) ~[tomcat-embed-core-9.0.75.jar:9.0.75]
	at org.springframework.web.filter.FormContentFilter.doFilterInternal(FormContentFilter.java:93) ~[spring-web-5.3.27.jar:5.3.27]
	at org.springframework.web.filter.OncePerRequestFilter.doFilter(OncePerRequestFilter.java:117) ~[spring-web-5.3.27.jar:5.3.27]
	at org.apache.catalina.core.ApplicationFilterChain.internalDoFilter(ApplicationFilterChain.java:178) ~[tomcat-embed-core-9.0.75.jar:9.0.75]
	at org.apache.catalina.core.ApplicationFilterChain.doFilter(ApplicationFilterChain.java:153) ~[tomcat-embed-core-9.0.75.jar:9.0.75]
	at org.springframework.web.filter.CharacterEncodingFilter.doFilterInternal(CharacterEncodingFilter.java:201) ~[spring-web-5.3.27.jar:5.3.27]
	at org.springframework.web.filter.OncePerRequestFilter.doFilter(OncePerRequestFilter.java:117) ~[spring-web-5.3.27.jar:5.3.27]
	at org.apache.catalina.core.ApplicationFilterChain.internalDoFilter(ApplicationFilterChain.java:178) ~[tomcat-embed-core-9.0.75.jar:9.0.75]
	at org.apache.catalina.core.ApplicationFilterChain.doFilter(ApplicationFilterChain.java:153) ~[tomcat-embed-core-9.0.75.jar:9.0.75]
	at org.apache.catalina.core.StandardWrapperValve.invoke(StandardWrapperValve.java:167) ~[tomcat-embed-core-9.0.75.jar:9.0.75]
	at org.apache.catalina.core.StandardContextValve.invoke(StandardContextValve.java:90) ~[tomcat-embed-core-9.0.75.jar:9.0.75]
	at org.apache.catalina.authenticator.AuthenticatorBase.invoke(AuthenticatorBase.java:481) ~[tomcat-embed-core-9.0.75.jar:9.0.75]
	at org.apache.catalina.core.StandardHostValve.invoke(StandardHostValve.java:130) ~[tomcat-embed-core-9.0.75.jar:9.0.75]
	at org.apache.catalina.valves.ErrorReportValve.invoke(ErrorReportValve.java:93) ~[tomcat-embed-core-9.0.75.jar:9.0.75]
	at org.apache.catalina.core.StandardEngineValve.invoke(StandardEngineValve.java:74) ~[tomcat-embed-core-9.0.75.jar:9.0.75]
	at org.apache.catalina.connector.CoyoteAdapter.service(CoyoteAdapter.java:343) ~[tomcat-embed-core-9.0.75.jar:9.0.75]
	at org.apache.coyote.http11.Http11Processor.service(Http11Processor.java:390) ~[tomcat-embed-core-9.0.75.jar:9.0.75]
	at org.apache.coyote.AbstractProcessorLight.process(AbstractProcessorLight.java:63) ~[tomcat-embed-core-9.0.75.jar:9.0.75]
	at org.apache.coyote.AbstractProtocol$ConnectionHandler.process(AbstractProtocol.java:926) ~[tomcat-embed-core-9.0.75.jar:9.0.75]
	at org.apache.tomcat.util.net.NioEndpoint$SocketProcessor.doRun(NioEndpoint.java:1791) ~[tomcat-embed-core-9.0.75.jar:9.0.75]
	at org.apache.tomcat.util.net.SocketProcessorBase.run(SocketProcessorBase.java:52) ~[tomcat-embed-core-9.0.75.jar:9.0.75]
	at org.apache.tomcat.util.threads.ThreadPoolExecutor.runWorker(ThreadPoolExecutor.java:1191) ~[tomcat-embed-core-9.0.75.jar:9.0.75]
	at org.apache.tomcat.util.threads.ThreadPoolExecutor$Worker.run(ThreadPoolExecutor.java:659) ~[tomcat-embed-core-9.0.75.jar:9.0.75]
	at org.apache.tomcat.util.threads.TaskThread$WrappingRunnable.run(TaskThread.java:61) ~[tomcat-embed-core-9.0.75.jar:9.0.75]
	at java.base/java.lang.Thread.run(Thread.java:833) ~[na:na]
Caused by: org.apache.ibatis.builder.BuilderException: Error evaluating expression 'ew.sqlSegment != null and ew.sqlSegment != '' and ew.nonEmptyOfWhere'. Cause: org.apache.ibatis.ognl.OgnlException: sqlSegment [java.lang.NoClassDefFoundError: Could not initialize class com.baomidou.mybatisplus.core.toolkit.support.SerializedLambdaMeta]
	at org.apache.ibatis.scripting.xmltags.OgnlCache.getValue(OgnlCache.java:48) ~[mybatis-3.5.7.jar:3.5.7]
	at org.apache.ibatis.scripting.xmltags.ExpressionEvaluator.evaluateBoolean(ExpressionEvaluator.java:32) ~[mybatis-3.5.7.jar:3.5.7]
	at org.apache.ibatis.scripting.xmltags.IfSqlNode.apply(IfSqlNode.java:34) ~[mybatis-3.5.7.jar:3.5.7]
	at org.apache.ibatis.scripting.xmltags.MixedSqlNode.lambda$apply$0(MixedSqlNode.java:32) ~[mybatis-3.5.7.jar:3.5.7]
	at java.base/java.util.ArrayList.forEach(ArrayList.java:1511) ~[na:na]
	at org.apache.ibatis.scripting.xmltags.MixedSqlNode.apply(MixedSqlNode.java:32) ~[mybatis-3.5.7.jar:3.5.7]
	at org.apache.ibatis.scripting.xmltags.TrimSqlNode.apply(TrimSqlNode.java:55) ~[mybatis-3.5.7.jar:3.5.7]
	at org.apache.ibatis.scripting.xmltags.MixedSqlNode.lambda$apply$0(MixedSqlNode.java:32) ~[mybatis-3.5.7.jar:3.5.7]
	at java.base/java.util.ArrayList.forEach(ArrayList.java:1511) ~[na:na]
	at org.apache.ibatis.scripting.xmltags.MixedSqlNode.apply(MixedSqlNode.java:32) ~[mybatis-3.5.7.jar:3.5.7]
	at org.apache.ibatis.scripting.xmltags.IfSqlNode.apply(IfSqlNode.java:35) ~[mybatis-3.5.7.jar:3.5.7]
	at org.apache.ibatis.scripting.xmltags.MixedSqlNode.lambda$apply$0(MixedSqlNode.java:32) ~[mybatis-3.5.7.jar:3.5.7]
	at java.base/java.util.ArrayList.forEach(ArrayList.java:1511) ~[na:na]
	at org.apache.ibatis.scripting.xmltags.MixedSqlNode.apply(MixedSqlNode.java:32) ~[mybatis-3.5.7.jar:3.5.7]
	at org.apache.ibatis.scripting.xmltags.DynamicSqlSource.getBoundSql(DynamicSqlSource.java:39) ~[mybatis-3.5.7.jar:3.5.7]
	at org.apache.ibatis.mapping.MappedStatement.getBoundSql(MappedStatement.java:305) ~[mybatis-3.5.7.jar:3.5.7]
	at com.baomidou.mybatisplus.extension.plugins.MybatisPlusInterceptor.intercept(MybatisPlusInterceptor.java:69) ~[mybatis-plus-extension-3.4.3.jar:3.4.3]
	at org.apache.ibatis.plugin.Plugin.invoke(Plugin.java:62) ~[mybatis-3.5.7.jar:3.5.7]
	at jdk.proxy2/jdk.proxy2.$Proxy131.query(Unknown Source) ~[na:na]
	at org.apache.ibatis.session.defaults.DefaultSqlSession.selectList(DefaultSqlSession.java:151) ~[mybatis-3.5.7.jar:3.5.7]
	at org.apache.ibatis.session.defaults.DefaultSqlSession.selectList(DefaultSqlSession.java:145) ~[mybatis-3.5.7.jar:3.5.7]
	at org.apache.ibatis.session.defaults.DefaultSqlSession.selectList(DefaultSqlSession.java:140) ~[mybatis-3.5.7.jar:3.5.7]
	at org.apache.ibatis.session.defaults.DefaultSqlSession.selectOne(DefaultSqlSession.java:76) ~[mybatis-3.5.7.jar:3.5.7]
	at java.base/jdk.internal.reflect.NativeMethodAccessorImpl.invoke0(Native Method) ~[na:na]
	at java.base/jdk.internal.reflect.NativeMethodAccessorImpl.invoke(NativeMethodAccessorImpl.java:77) ~[na:na]
	at java.base/jdk.internal.reflect.DelegatingMethodAccessorImpl.invoke(DelegatingMethodAccessorImpl.java:43) ~[na:na]
	at java.base/java.lang.reflect.Method.invoke(Method.java:568) ~[na:na]
	at org.mybatis.spring.SqlSessionTemplate$SqlSessionInterceptor.invoke(SqlSessionTemplate.java:427) ~[mybatis-spring-2.0.6.jar:2.0.6]
	... 65 common frames omitted
Caused by: org.apache.ibatis.ognl.OgnlException: sqlSegment
	at org.apache.ibatis.ognl.OgnlRuntime.getMethodValue(OgnlRuntime.java:2165) ~[mybatis-3.5.7.jar:3.5.7]
	at org.apache.ibatis.ognl.ObjectPropertyAccessor.getPossibleProperty(ObjectPropertyAccessor.java:66) ~[mybatis-3.5.7.jar:3.5.7]
	at org.apache.ibatis.ognl.ObjectPropertyAccessor.getProperty(ObjectPropertyAccessor.java:160) ~[mybatis-3.5.7.jar:3.5.7]
	at org.apache.ibatis.ognl.OgnlRuntime.getProperty(OgnlRuntime.java:3373) ~[mybatis-3.5.7.jar:3.5.7]
	at org.apache.ibatis.ognl.ASTProperty.getValueBody(ASTProperty.java:121) ~[mybatis-3.5.7.jar:3.5.7]
	at org.apache.ibatis.ognl.SimpleNode.evaluateGetValueBody(SimpleNode.java:212) ~[mybatis-3.5.7.jar:3.5.7]
	at org.apache.ibatis.ognl.SimpleNode.getValue(SimpleNode.java:258) ~[mybatis-3.5.7.jar:3.5.7]
	at org.apache.ibatis.ognl.ASTChain.getValueBody(ASTChain.java:141) ~[mybatis-3.5.7.jar:3.5.7]
	at org.apache.ibatis.ognl.SimpleNode.evaluateGetValueBody(SimpleNode.java:212) ~[mybatis-3.5.7.jar:3.5.7]
	at org.apache.ibatis.ognl.SimpleNode.getValue(SimpleNode.java:258) ~[mybatis-3.5.7.jar:3.5.7]
	at org.apache.ibatis.ognl.ASTNotEq.getValueBody(ASTNotEq.java:50) ~[mybatis-3.5.7.jar:3.5.7]
	at org.apache.ibatis.ognl.SimpleNode.evaluateGetValueBody(SimpleNode.java:212) ~[mybatis-3.5.7.jar:3.5.7]
	at org.apache.ibatis.ognl.SimpleNode.getValue(SimpleNode.java:258) ~[mybatis-3.5.7.jar:3.5.7]
	at org.apache.ibatis.ognl.ASTAnd.getValueBody(ASTAnd.java:61) ~[mybatis-3.5.7.jar:3.5.7]
	at org.apache.ibatis.ognl.SimpleNode.evaluateGetValueBody(SimpleNode.java:212) ~[mybatis-3.5.7.jar:3.5.7]
	at org.apache.ibatis.ognl.SimpleNode.getValue(SimpleNode.java:258) ~[mybatis-3.5.7.jar:3.5.7]
	at org.apache.ibatis.ognl.Ognl.getValue(Ognl.java:586) ~[mybatis-3.5.7.jar:3.5.7]
	at org.apache.ibatis.ognl.Ognl.getValue(Ognl.java:550) ~[mybatis-3.5.7.jar:3.5.7]
	at org.apache.ibatis.scripting.xmltags.OgnlCache.getValue(OgnlCache.java:46) ~[mybatis-3.5.7.jar:3.5.7]
	... 92 common frames omitted
Caused by: java.lang.NoClassDefFoundError: Could not initialize class com.baomidou.mybatisplus.core.toolkit.support.SerializedLambdaMeta
	at com.baomidou.mybatisplus.core.toolkit.LambdaUtils.extract(LambdaUtils.java:55) ~[mybatis-plus-core-3.4.3.jar:3.4.3]
	at com.baomidou.mybatisplus.core.conditions.AbstractLambdaWrapper.getColumnCache(AbstractLambdaWrapper.java:75) ~[mybatis-plus-core-3.4.3.jar:3.4.3]
	at com.baomidou.mybatisplus.core.conditions.AbstractLambdaWrapper.columnToString(AbstractLambdaWrapper.java:62) ~[mybatis-plus-core-3.4.3.jar:3.4.3]
	at com.baomidou.mybatisplus.core.conditions.AbstractLambdaWrapper.columnToString(AbstractLambdaWrapper.java:58) ~[mybatis-plus-core-3.4.3.jar:3.4.3]
	at com.baomidou.mybatisplus.core.conditions.AbstractLambdaWrapper.columnToString(AbstractLambdaWrapper.java:38) ~[mybatis-plus-core-3.4.3.jar:3.4.3]
	at com.baomidou.mybatisplus.core.conditions.AbstractWrapper.lambda$columnToSqlSegment$a3f115af$1(AbstractWrapper.java:575) ~[mybatis-plus-core-3.4.3.jar:3.4.3]
	at java.base/java.util.stream.ReferencePipeline$3$1.accept(ReferencePipeline.java:197) ~[na:na]
	at java.base/java.util.ArrayList$ArrayListSpliterator.forEachRemaining(ArrayList.java:1625) ~[na:na]
	at java.base/java.util.stream.AbstractPipeline.copyInto(AbstractPipeline.java:509) ~[na:na]
	at java.base/java.util.stream.AbstractPipeline.wrapAndCopyInto(AbstractPipeline.java:499) ~[na:na]
	at java.base/java.util.stream.ReduceOps$ReduceOp.evaluateSequential(ReduceOps.java:921) ~[na:na]
	at java.base/java.util.stream.AbstractPipeline.evaluate(AbstractPipeline.java:234) ~[na:na]
	at java.base/java.util.stream.ReferencePipeline.collect(ReferencePipeline.java:682) ~[na:na]
	at com.baomidou.mybatisplus.core.conditions.segments.NormalSegmentList.childrenSqlSegment(NormalSegmentList.java:89) ~[mybatis-plus-core-3.4.3.jar:3.4.3]
	at com.baomidou.mybatisplus.core.conditions.segments.AbstractISegmentList.getSqlSegment(AbstractISegmentList.java:103) ~[mybatis-plus-core-3.4.3.jar:3.4.3]
	at com.baomidou.mybatisplus.core.conditions.segments.MergeSegments.getSqlSegment(MergeSegments.java:72) ~[mybatis-plus-core-3.4.3.jar:3.4.3]
	at com.baomidou.mybatisplus.core.conditions.AbstractWrapper.getSqlSegment(AbstractWrapper.java:525) ~[mybatis-plus-core-3.4.3.jar:3.4.3]
	at java.base/jdk.internal.reflect.NativeMethodAccessorImpl.invoke0(Native Method) ~[na:na]
	at java.base/jdk.internal.reflect.NativeMethodAccessorImpl.invoke(NativeMethodAccessorImpl.java:77) ~[na:na]
	at java.base/jdk.internal.reflect.DelegatingMethodAccessorImpl.invoke(DelegatingMethodAccessorImpl.java:43) ~[na:na]
	at java.base/java.lang.reflect.Method.invoke(Method.java:568) ~[na:na]
	at org.apache.ibatis.ognl.OgnlRuntime.invokeMethodInsideSandbox(OgnlRuntime.java:1266) ~[mybatis-3.5.7.jar:3.5.7]
	at org.apache.ibatis.ognl.OgnlRuntime.invokeMethod(OgnlRuntime.java:1251) ~[mybatis-3.5.7.jar:3.5.7]
	at org.apache.ibatis.ognl.OgnlRuntime.getMethodValue(OgnlRuntime.java:2163) ~[mybatis-3.5.7.jar:3.5.7]
	... 110 common frames omitted

16:34:50:338 ERROR 39732 --- [http-nio-8080-exec-9] c.h.common.advice.CommonExceptionAdvice  : 其他异常 uri : /users/login -> 

org.mybatis.spring.MyBatisSystemException: nested exception is org.apache.ibatis.builder.BuilderException: Error evaluating expression 'ew.sqlSegment != null and ew.sqlSegment != '' and ew.nonEmptyOfWhere'. Cause: org.apache.ibatis.ognl.OgnlException: sqlSegment [java.lang.NoClassDefFoundError: Could not initialize class com.baomidou.mybatisplus.core.toolkit.support.SerializedLambdaMeta]
	at org.mybatis.spring.MyBatisExceptionTranslator.translateExceptionIfPossible(MyBatisExceptionTranslator.java:96) ~[mybatis-spring-2.0.6.jar:2.0.6]
	at org.mybatis.spring.SqlSessionTemplate$SqlSessionInterceptor.invoke(SqlSessionTemplate.java:441) ~[mybatis-spring-2.0.6.jar:2.0.6]
	at jdk.proxy2/jdk.proxy2.$Proxy87.selectOne(Unknown Source) ~[na:na]
	at org.mybatis.spring.SqlSessionTemplate.selectOne(SqlSessionTemplate.java:160) ~[mybatis-spring-2.0.6.jar:2.0.6]
	at com.baomidou.mybatisplus.core.override.MybatisMapperMethod.execute(MybatisMapperMethod.java:89) ~[mybatis-plus-core-3.4.3.jar:3.4.3]
	at com.baomidou.mybatisplus.core.override.MybatisMapperProxy$PlainMethodInvoker.invoke(MybatisMapperProxy.java:148) ~[mybatis-plus-core-3.4.3.jar:3.4.3]
	at com.baomidou.mybatisplus.core.override.MybatisMapperProxy.invoke(MybatisMapperProxy.java:89) ~[mybatis-plus-core-3.4.3.jar:3.4.3]
	at jdk.proxy2/jdk.proxy2.$Proxy99.selectOne(Unknown Source) ~[na:na]
	at com.baomidou.mybatisplus.extension.conditions.query.ChainQuery.one(ChainQuery.java:48) ~[mybatis-plus-extension-3.4.3.jar:3.4.3]
	at com.hmall.service.impl.UserServiceImpl.login(UserServiceImpl.java:46) ~[classes/:na]
	at com.hmall.service.impl.UserServiceImpl$$FastClassBySpringCGLIB$$84609514.invoke(<generated>) ~[classes/:na]
	at org.springframework.cglib.proxy.MethodProxy.invoke(MethodProxy.java:218) ~[spring-core-5.3.27.jar:5.3.27]
	at org.springframework.aop.framework.CglibAopProxy.invokeMethod(CglibAopProxy.java:386) ~[spring-aop-5.3.27.jar:5.3.27]
	at org.springframework.aop.framework.CglibAopProxy.access$000(CglibAopProxy.java:85) ~[spring-aop-5.3.27.jar:5.3.27]
	at org.springframework.aop.framework.CglibAopProxy$DynamicAdvisedInterceptor.intercept(CglibAopProxy.java:704) ~[spring-aop-5.3.27.jar:5.3.27]
	at com.hmall.service.impl.UserServiceImpl$$EnhancerBySpringCGLIB$$80d4d314.login(<generated>) ~[classes/:na]
	at com.hmall.controller.UserController.login(UserController.java:25) ~[classes/:na]
	at java.base/jdk.internal.reflect.NativeMethodAccessorImpl.invoke0(Native Method) ~[na:na]
	at java.base/jdk.internal.reflect.NativeMethodAccessorImpl.invoke(NativeMethodAccessorImpl.java:77) ~[na:na]
	at java.base/jdk.internal.reflect.DelegatingMethodAccessorImpl.invoke(DelegatingMethodAccessorImpl.java:43) ~[na:na]
	at java.base/java.lang.reflect.Method.invoke(Method.java:568) ~[na:na]
	at org.springframework.web.method.support.InvocableHandlerMethod.doInvoke(InvocableHandlerMethod.java:205) ~[spring-web-5.3.27.jar:5.3.27]
	at org.springframework.web.method.support.InvocableHandlerMethod.invokeForRequest(InvocableHandlerMethod.java:150) ~[spring-web-5.3.27.jar:5.3.27]
	at org.springframework.web.servlet.mvc.method.annotation.ServletInvocableHandlerMethod.invokeAndHandle(ServletInvocableHandlerMethod.java:117) ~[spring-webmvc-5.3.27.jar:5.3.27]
	at org.springframework.web.servlet.mvc.method.annotation.RequestMappingHandlerAdapter.invokeHandlerMethod(RequestMappingHandlerAdapter.java:895) ~[spring-webmvc-5.3.27.jar:5.3.27]
	at org.springframework.web.servlet.mvc.method.annotation.RequestMappingHandlerAdapter.handleInternal(RequestMappingHandlerAdapter.java:808) ~[spring-webmvc-5.3.27.jar:5.3.27]
	at org.springframework.web.servlet.mvc.method.AbstractHandlerMethodAdapter.handle(AbstractHandlerMethodAdapter.java:87) ~[spring-webmvc-5.3.27.jar:5.3.27]
	at org.springframework.web.servlet.DispatcherServlet.doDispatch(DispatcherServlet.java:1072) ~[spring-webmvc-5.3.27.jar:5.3.27]
	at org.springframework.web.servlet.DispatcherServlet.doService(DispatcherServlet.java:965) ~[spring-webmvc-5.3.27.jar:5.3.27]
	at org.springframework.web.servlet.FrameworkServlet.processRequest(FrameworkServlet.java:1006) ~[spring-webmvc-5.3.27.jar:5.3.27]
	at org.springframework.web.servlet.FrameworkServlet.doPost(FrameworkServlet.java:909) ~[spring-webmvc-5.3.27.jar:5.3.27]
	at javax.servlet.http.HttpServlet.service(HttpServlet.java:555) ~[tomcat-embed-core-9.0.75.jar:4.0.FR]
	at org.springframework.web.servlet.FrameworkServlet.service(FrameworkServlet.java:883) ~[spring-webmvc-5.3.27.jar:5.3.27]
	at javax.servlet.http.HttpServlet.service(HttpServlet.java:623) ~[tomcat-embed-core-9.0.75.jar:4.0.FR]
	at org.apache.catalina.core.ApplicationFilterChain.internalDoFilter(ApplicationFilterChain.java:209) ~[tomcat-embed-core-9.0.75.jar:9.0.75]
	at org.apache.catalina.core.ApplicationFilterChain.doFilter(ApplicationFilterChain.java:153) ~[tomcat-embed-core-9.0.75.jar:9.0.75]
	at org.apache.tomcat.websocket.server.WsFilter.doFilter(WsFilter.java:51) ~[tomcat-embed-websocket-9.0.75.jar:9.0.75]
	at org.apache.catalina.core.ApplicationFilterChain.internalDoFilter(ApplicationFilterChain.java:178) ~[tomcat-embed-core-9.0.75.jar:9.0.75]
	at org.apache.catalina.core.ApplicationFilterChain.doFilter(ApplicationFilterChain.java:153) ~[tomcat-embed-core-9.0.75.jar:9.0.75]
	at org.springframework.web.filter.RequestContextFilter.doFilterInternal(RequestContextFilter.java:100) ~[spring-web-5.3.27.jar:5.3.27]
	at org.springframework.web.filter.OncePerRequestFilter.doFilter(OncePerRequestFilter.java:117) ~[spring-web-5.3.27.jar:5.3.27]
	at org.apache.catalina.core.ApplicationFilterChain.internalDoFilter(ApplicationFilterChain.java:178) ~[tomcat-embed-core-9.0.75.jar:9.0.75]
	at org.apache.catalina.core.ApplicationFilterChain.doFilter(ApplicationFilterChain.java:153) ~[tomcat-embed-core-9.0.75.jar:9.0.75]
	at org.springframework.web.filter.FormContentFilter.doFilterInternal(FormContentFilter.java:93) ~[spring-web-5.3.27.jar:5.3.27]
	at org.springframework.web.filter.OncePerRequestFilter.doFilter(OncePerRequestFilter.java:117) ~[spring-web-5.3.27.jar:5.3.27]
	at org.apache.catalina.core.ApplicationFilterChain.internalDoFilter(ApplicationFilterChain.java:178) ~[tomcat-embed-core-9.0.75.jar:9.0.75]
	at org.apache.catalina.core.ApplicationFilterChain.doFilter(ApplicationFilterChain.java:153) ~[tomcat-embed-core-9.0.75.jar:9.0.75]
	at org.springframework.web.filter.CharacterEncodingFilter.doFilterInternal(CharacterEncodingFilter.java:201) ~[spring-web-5.3.27.jar:5.3.27]
	at org.springframework.web.filter.OncePerRequestFilter.doFilter(OncePerRequestFilter.java:117) ~[spring-web-5.3.27.jar:5.3.27]
	at org.apache.catalina.core.ApplicationFilterChain.internalDoFilter(ApplicationFilterChain.java:178) ~[tomcat-embed-core-9.0.75.jar:9.0.75]
	at org.apache.catalina.core.ApplicationFilterChain.doFilter(ApplicationFilterChain.java:153) ~[tomcat-embed-core-9.0.75.jar:9.0.75]
	at org.apache.catalina.core.StandardWrapperValve.invoke(StandardWrapperValve.java:167) ~[tomcat-embed-core-9.0.75.jar:9.0.75]
	at org.apache.catalina.core.StandardContextValve.invoke(StandardContextValve.java:90) ~[tomcat-embed-core-9.0.75.jar:9.0.75]
	at org.apache.catalina.authenticator.AuthenticatorBase.invoke(AuthenticatorBase.java:481) ~[tomcat-embed-core-9.0.75.jar:9.0.75]
	at org.apache.catalina.core.StandardHostValve.invoke(StandardHostValve.java:130) ~[tomcat-embed-core-9.0.75.jar:9.0.75]
	at org.apache.catalina.valves.ErrorReportValve.invoke(ErrorReportValve.java:93) ~[tomcat-embed-core-9.0.75.jar:9.0.75]
	at org.apache.catalina.core.StandardEngineValve.invoke(StandardEngineValve.java:74) ~[tomcat-embed-core-9.0.75.jar:9.0.75]
	at org.apache.catalina.connector.CoyoteAdapter.service(CoyoteAdapter.java:343) ~[tomcat-embed-core-9.0.75.jar:9.0.75]
	at org.apache.coyote.http11.Http11Processor.service(Http11Processor.java:390) ~[tomcat-embed-core-9.0.75.jar:9.0.75]
	at org.apache.coyote.AbstractProcessorLight.process(AbstractProcessorLight.java:63) ~[tomcat-embed-core-9.0.75.jar:9.0.75]
	at org.apache.coyote.AbstractProtocol$ConnectionHandler.process(AbstractProtocol.java:926) ~[tomcat-embed-core-9.0.75.jar:9.0.75]
	at org.apache.tomcat.util.net.NioEndpoint$SocketProcessor.doRun(NioEndpoint.java:1791) ~[tomcat-embed-core-9.0.75.jar:9.0.75]
	at org.apache.tomcat.util.net.SocketProcessorBase.run(SocketProcessorBase.java:52) ~[tomcat-embed-core-9.0.75.jar:9.0.75]
	at org.apache.tomcat.util.threads.ThreadPoolExecutor.runWorker(ThreadPoolExecutor.java:1191) ~[tomcat-embed-core-9.0.75.jar:9.0.75]
	at org.apache.tomcat.util.threads.ThreadPoolExecutor$Worker.run(ThreadPoolExecutor.java:659) ~[tomcat-embed-core-9.0.75.jar:9.0.75]
	at org.apache.tomcat.util.threads.TaskThread$WrappingRunnable.run(TaskThread.java:61) ~[tomcat-embed-core-9.0.75.jar:9.0.75]
	at java.base/java.lang.Thread.run(Thread.java:833) ~[na:na]
Caused by: org.apache.ibatis.builder.BuilderException: Error evaluating expression 'ew.sqlSegment != null and ew.sqlSegment != '' and ew.nonEmptyOfWhere'. Cause: org.apache.ibatis.ognl.OgnlException: sqlSegment [java.lang.NoClassDefFoundError: Could not initialize class com.baomidou.mybatisplus.core.toolkit.support.SerializedLambdaMeta]
	at org.apache.ibatis.scripting.xmltags.OgnlCache.getValue(OgnlCache.java:48) ~[mybatis-3.5.7.jar:3.5.7]
	at org.apache.ibatis.scripting.xmltags.ExpressionEvaluator.evaluateBoolean(ExpressionEvaluator.java:32) ~[mybatis-3.5.7.jar:3.5.7]
	at org.apache.ibatis.scripting.xmltags.IfSqlNode.apply(IfSqlNode.java:34) ~[mybatis-3.5.7.jar:3.5.7]
	at org.apache.ibatis.scripting.xmltags.MixedSqlNode.lambda$apply$0(MixedSqlNode.java:32) ~[mybatis-3.5.7.jar:3.5.7]
	at java.base/java.util.ArrayList.forEach(ArrayList.java:1511) ~[na:na]
	at org.apache.ibatis.scripting.xmltags.MixedSqlNode.apply(MixedSqlNode.java:32) ~[mybatis-3.5.7.jar:3.5.7]
	at org.apache.ibatis.scripting.xmltags.TrimSqlNode.apply(TrimSqlNode.java:55) ~[mybatis-3.5.7.jar:3.5.7]
	at org.apache.ibatis.scripting.xmltags.MixedSqlNode.lambda$apply$0(MixedSqlNode.java:32) ~[mybatis-3.5.7.jar:3.5.7]
	at java.base/java.util.ArrayList.forEach(ArrayList.java:1511) ~[na:na]
	at org.apache.ibatis.scripting.xmltags.MixedSqlNode.apply(MixedSqlNode.java:32) ~[mybatis-3.5.7.jar:3.5.7]
	at org.apache.ibatis.scripting.xmltags.IfSqlNode.apply(IfSqlNode.java:35) ~[mybatis-3.5.7.jar:3.5.7]
	at org.apache.ibatis.scripting.xmltags.MixedSqlNode.lambda$apply$0(MixedSqlNode.java:32) ~[mybatis-3.5.7.jar:3.5.7]
	at java.base/java.util.ArrayList.forEach(ArrayList.java:1511) ~[na:na]
	at org.apache.ibatis.scripting.xmltags.MixedSqlNode.apply(MixedSqlNode.java:32) ~[mybatis-3.5.7.jar:3.5.7]
	at org.apache.ibatis.scripting.xmltags.DynamicSqlSource.getBoundSql(DynamicSqlSource.java:39) ~[mybatis-3.5.7.jar:3.5.7]
	at org.apache.ibatis.mapping.MappedStatement.getBoundSql(MappedStatement.java:305) ~[mybatis-3.5.7.jar:3.5.7]
	at com.baomidou.mybatisplus.extension.plugins.MybatisPlusInterceptor.intercept(MybatisPlusInterceptor.java:69) ~[mybatis-plus-extension-3.4.3.jar:3.4.3]
	at org.apache.ibatis.plugin.Plugin.invoke(Plugin.java:62) ~[mybatis-3.5.7.jar:3.5.7]
	at jdk.proxy2/jdk.proxy2.$Proxy131.query(Unknown Source) ~[na:na]
	at org.apache.ibatis.session.defaults.DefaultSqlSession.selectList(DefaultSqlSession.java:151) ~[mybatis-3.5.7.jar:3.5.7]
	at org.apache.ibatis.session.defaults.DefaultSqlSession.selectList(DefaultSqlSession.java:145) ~[mybatis-3.5.7.jar:3.5.7]
	at org.apache.ibatis.session.defaults.DefaultSqlSession.selectList(DefaultSqlSession.java:140) ~[mybatis-3.5.7.jar:3.5.7]
	at org.apache.ibatis.session.defaults.DefaultSqlSession.selectOne(DefaultSqlSession.java:76) ~[mybatis-3.5.7.jar:3.5.7]
	at java.base/jdk.internal.reflect.NativeMethodAccessorImpl.invoke0(Native Method) ~[na:na]
	at java.base/jdk.internal.reflect.NativeMethodAccessorImpl.invoke(NativeMethodAccessorImpl.java:77) ~[na:na]
	at java.base/jdk.internal.reflect.DelegatingMethodAccessorImpl.invoke(DelegatingMethodAccessorImpl.java:43) ~[na:na]
	at java.base/java.lang.reflect.Method.invoke(Method.java:568) ~[na:na]
	at org.mybatis.spring.SqlSessionTemplate$SqlSessionInterceptor.invoke(SqlSessionTemplate.java:427) ~[mybatis-spring-2.0.6.jar:2.0.6]
	... 65 common frames omitted
Caused by: org.apache.ibatis.ognl.OgnlException: sqlSegment
	at org.apache.ibatis.ognl.OgnlRuntime.getMethodValue(OgnlRuntime.java:2165) ~[mybatis-3.5.7.jar:3.5.7]
	at org.apache.ibatis.ognl.ObjectPropertyAccessor.getPossibleProperty(ObjectPropertyAccessor.java:66) ~[mybatis-3.5.7.jar:3.5.7]
	at org.apache.ibatis.ognl.ObjectPropertyAccessor.getProperty(ObjectPropertyAccessor.java:160) ~[mybatis-3.5.7.jar:3.5.7]
	at org.apache.ibatis.ognl.OgnlRuntime.getProperty(OgnlRuntime.java:3373) ~[mybatis-3.5.7.jar:3.5.7]
	at org.apache.ibatis.ognl.ASTProperty.getValueBody(ASTProperty.java:121) ~[mybatis-3.5.7.jar:3.5.7]
	at org.apache.ibatis.ognl.SimpleNode.evaluateGetValueBody(SimpleNode.java:212) ~[mybatis-3.5.7.jar:3.5.7]
	at org.apache.ibatis.ognl.SimpleNode.getValue(SimpleNode.java:258) ~[mybatis-3.5.7.jar:3.5.7]
	at org.apache.ibatis.ognl.ASTChain.getValueBody(ASTChain.java:141) ~[mybatis-3.5.7.jar:3.5.7]
	at org.apache.ibatis.ognl.SimpleNode.evaluateGetValueBody(SimpleNode.java:212) ~[mybatis-3.5.7.jar:3.5.7]
	at org.apache.ibatis.ognl.SimpleNode.getValue(SimpleNode.java:258) ~[mybatis-3.5.7.jar:3.5.7]
	at org.apache.ibatis.ognl.ASTNotEq.getValueBody(ASTNotEq.java:50) ~[mybatis-3.5.7.jar:3.5.7]
	at org.apache.ibatis.ognl.SimpleNode.evaluateGetValueBody(SimpleNode.java:212) ~[mybatis-3.5.7.jar:3.5.7]
	at org.apache.ibatis.ognl.SimpleNode.getValue(SimpleNode.java:258) ~[mybatis-3.5.7.jar:3.5.7]
	at org.apache.ibatis.ognl.ASTAnd.getValueBody(ASTAnd.java:61) ~[mybatis-3.5.7.jar:3.5.7]
	at org.apache.ibatis.ognl.SimpleNode.evaluateGetValueBody(SimpleNode.java:212) ~[mybatis-3.5.7.jar:3.5.7]
	at org.apache.ibatis.ognl.SimpleNode.getValue(SimpleNode.java:258) ~[mybatis-3.5.7.jar:3.5.7]
	at org.apache.ibatis.ognl.Ognl.getValue(Ognl.java:586) ~[mybatis-3.5.7.jar:3.5.7]
	at org.apache.ibatis.ognl.Ognl.getValue(Ognl.java:550) ~[mybatis-3.5.7.jar:3.5.7]
	at org.apache.ibatis.scripting.xmltags.OgnlCache.getValue(OgnlCache.java:46) ~[mybatis-3.5.7.jar:3.5.7]
	... 92 common frames omitted
Caused by: java.lang.NoClassDefFoundError: Could not initialize class com.baomidou.mybatisplus.core.toolkit.support.SerializedLambdaMeta
	at com.baomidou.mybatisplus.core.toolkit.LambdaUtils.extract(LambdaUtils.java:55) ~[mybatis-plus-core-3.4.3.jar:3.4.3]
	at com.baomidou.mybatisplus.core.conditions.AbstractLambdaWrapper.getColumnCache(AbstractLambdaWrapper.java:75) ~[mybatis-plus-core-3.4.3.jar:3.4.3]
	at com.baomidou.mybatisplus.core.conditions.AbstractLambdaWrapper.columnToString(AbstractLambdaWrapper.java:62) ~[mybatis-plus-core-3.4.3.jar:3.4.3]
	at com.baomidou.mybatisplus.core.conditions.AbstractLambdaWrapper.columnToString(AbstractLambdaWrapper.java:58) ~[mybatis-plus-core-3.4.3.jar:3.4.3]
	at com.baomidou.mybatisplus.core.conditions.AbstractLambdaWrapper.columnToString(AbstractLambdaWrapper.java:38) ~[mybatis-plus-core-3.4.3.jar:3.4.3]
	at com.baomidou.mybatisplus.core.conditions.AbstractWrapper.lambda$columnToSqlSegment$a3f115af$1(AbstractWrapper.java:575) ~[mybatis-plus-core-3.4.3.jar:3.4.3]
	at java.base/java.util.stream.ReferencePipeline$3$1.accept(ReferencePipeline.java:197) ~[na:na]
	at java.base/java.util.ArrayList$ArrayListSpliterator.forEachRemaining(ArrayList.java:1625) ~[na:na]
	at java.base/java.util.stream.AbstractPipeline.copyInto(AbstractPipeline.java:509) ~[na:na]
	at java.base/java.util.stream.AbstractPipeline.wrapAndCopyInto(AbstractPipeline.java:499) ~[na:na]
	at java.base/java.util.stream.ReduceOps$ReduceOp.evaluateSequential(ReduceOps.java:921) ~[na:na]
	at java.base/java.util.stream.AbstractPipeline.evaluate(AbstractPipeline.java:234) ~[na:na]
	at java.base/java.util.stream.ReferencePipeline.collect(ReferencePipeline.java:682) ~[na:na]
	at com.baomidou.mybatisplus.core.conditions.segments.NormalSegmentList.childrenSqlSegment(NormalSegmentList.java:89) ~[mybatis-plus-core-3.4.3.jar:3.4.3]
	at com.baomidou.mybatisplus.core.conditions.segments.AbstractISegmentList.getSqlSegment(AbstractISegmentList.java:103) ~[mybatis-plus-core-3.4.3.jar:3.4.3]
	at com.baomidou.mybatisplus.core.conditions.segments.MergeSegments.getSqlSegment(MergeSegments.java:72) ~[mybatis-plus-core-3.4.3.jar:3.4.3]
	at com.baomidou.mybatisplus.core.conditions.AbstractWrapper.getSqlSegment(AbstractWrapper.java:525) ~[mybatis-plus-core-3.4.3.jar:3.4.3]
	at java.base/jdk.internal.reflect.NativeMethodAccessorImpl.invoke0(Native Method) ~[na:na]
	at java.base/jdk.internal.reflect.NativeMethodAccessorImpl.invoke(NativeMethodAccessorImpl.java:77) ~[na:na]
	at java.base/jdk.internal.reflect.DelegatingMethodAccessorImpl.invoke(DelegatingMethodAccessorImpl.java:43) ~[na:na]
	at java.base/java.lang.reflect.Method.invoke(Method.java:568) ~[na:na]
	at org.apache.ibatis.ognl.OgnlRuntime.invokeMethodInsideSandbox(OgnlRuntime.java:1266) ~[mybatis-3.5.7.jar:3.5.7]
	at org.apache.ibatis.ognl.OgnlRuntime.invokeMethod(OgnlRuntime.java:1251) ~[mybatis-3.5.7.jar:3.5.7]
	at org.apache.ibatis.ognl.OgnlRuntime.getMethodValue(OgnlRuntime.java:2163) ~[mybatis-3.5.7.jar:3.5.7]
	... 110 common frames omitted

16:34:50:901 ERROR 39732 --- [http-nio-8080-exec-10] c.h.common.advice.CommonExceptionAdvice  : 其他异常 uri : /users/login -> 

org.mybatis.spring.MyBatisSystemException: nested exception is org.apache.ibatis.builder.BuilderException: Error evaluating expression 'ew.sqlSegment != null and ew.sqlSegment != '' and ew.nonEmptyOfWhere'. Cause: org.apache.ibatis.ognl.OgnlException: sqlSegment [java.lang.NoClassDefFoundError: Could not initialize class com.baomidou.mybatisplus.core.toolkit.support.SerializedLambdaMeta]
	at org.mybatis.spring.MyBatisExceptionTranslator.translateExceptionIfPossible(MyBatisExceptionTranslator.java:96) ~[mybatis-spring-2.0.6.jar:2.0.6]
	at org.mybatis.spring.SqlSessionTemplate$SqlSessionInterceptor.invoke(SqlSessionTemplate.java:441) ~[mybatis-spring-2.0.6.jar:2.0.6]
	at jdk.proxy2/jdk.proxy2.$Proxy87.selectOne(Unknown Source) ~[na:na]
	at org.mybatis.spring.SqlSessionTemplate.selectOne(SqlSessionTemplate.java:160) ~[mybatis-spring-2.0.6.jar:2.0.6]
	at com.baomidou.mybatisplus.core.override.MybatisMapperMethod.execute(MybatisMapperMethod.java:89) ~[mybatis-plus-core-3.4.3.jar:3.4.3]
	at com.baomidou.mybatisplus.core.override.MybatisMapperProxy$PlainMethodInvoker.invoke(MybatisMapperProxy.java:148) ~[mybatis-plus-core-3.4.3.jar:3.4.3]
	at com.baomidou.mybatisplus.core.override.MybatisMapperProxy.invoke(MybatisMapperProxy.java:89) ~[mybatis-plus-core-3.4.3.jar:3.4.3]
	at jdk.proxy2/jdk.proxy2.$Proxy99.selectOne(Unknown Source) ~[na:na]
	at com.baomidou.mybatisplus.extension.conditions.query.ChainQuery.one(ChainQuery.java:48) ~[mybatis-plus-extension-3.4.3.jar:3.4.3]
	at com.hmall.service.impl.UserServiceImpl.login(UserServiceImpl.java:46) ~[classes/:na]
	at com.hmall.service.impl.UserServiceImpl$$FastClassBySpringCGLIB$$84609514.invoke(<generated>) ~[classes/:na]
	at org.springframework.cglib.proxy.MethodProxy.invoke(MethodProxy.java:218) ~[spring-core-5.3.27.jar:5.3.27]
	at org.springframework.aop.framework.CglibAopProxy.invokeMethod(CglibAopProxy.java:386) ~[spring-aop-5.3.27.jar:5.3.27]
	at org.springframework.aop.framework.CglibAopProxy.access$000(CglibAopProxy.java:85) ~[spring-aop-5.3.27.jar:5.3.27]
	at org.springframework.aop.framework.CglibAopProxy$DynamicAdvisedInterceptor.intercept(CglibAopProxy.java:704) ~[spring-aop-5.3.27.jar:5.3.27]
	at com.hmall.service.impl.UserServiceImpl$$EnhancerBySpringCGLIB$$80d4d314.login(<generated>) ~[classes/:na]
	at com.hmall.controller.UserController.login(UserController.java:25) ~[classes/:na]
	at java.base/jdk.internal.reflect.NativeMethodAccessorImpl.invoke0(Native Method) ~[na:na]
	at java.base/jdk.internal.reflect.NativeMethodAccessorImpl.invoke(NativeMethodAccessorImpl.java:77) ~[na:na]
	at java.base/jdk.internal.reflect.DelegatingMethodAccessorImpl.invoke(DelegatingMethodAccessorImpl.java:43) ~[na:na]
	at java.base/java.lang.reflect.Method.invoke(Method.java:568) ~[na:na]
	at org.springframework.web.method.support.InvocableHandlerMethod.doInvoke(InvocableHandlerMethod.java:205) ~[spring-web-5.3.27.jar:5.3.27]
	at org.springframework.web.method.support.InvocableHandlerMethod.invokeForRequest(InvocableHandlerMethod.java:150) ~[spring-web-5.3.27.jar:5.3.27]
	at org.springframework.web.servlet.mvc.method.annotation.ServletInvocableHandlerMethod.invokeAndHandle(ServletInvocableHandlerMethod.java:117) ~[spring-webmvc-5.3.27.jar:5.3.27]
	at org.springframework.web.servlet.mvc.method.annotation.RequestMappingHandlerAdapter.invokeHandlerMethod(RequestMappingHandlerAdapter.java:895) ~[spring-webmvc-5.3.27.jar:5.3.27]
	at org.springframework.web.servlet.mvc.method.annotation.RequestMappingHandlerAdapter.handleInternal(RequestMappingHandlerAdapter.java:808) ~[spring-webmvc-5.3.27.jar:5.3.27]
	at org.springframework.web.servlet.mvc.method.AbstractHandlerMethodAdapter.handle(AbstractHandlerMethodAdapter.java:87) ~[spring-webmvc-5.3.27.jar:5.3.27]
	at org.springframework.web.servlet.DispatcherServlet.doDispatch(DispatcherServlet.java:1072) ~[spring-webmvc-5.3.27.jar:5.3.27]
	at org.springframework.web.servlet.DispatcherServlet.doService(DispatcherServlet.java:965) ~[spring-webmvc-5.3.27.jar:5.3.27]
	at org.springframework.web.servlet.FrameworkServlet.processRequest(FrameworkServlet.java:1006) ~[spring-webmvc-5.3.27.jar:5.3.27]
	at org.springframework.web.servlet.FrameworkServlet.doPost(FrameworkServlet.java:909) ~[spring-webmvc-5.3.27.jar:5.3.27]
	at javax.servlet.http.HttpServlet.service(HttpServlet.java:555) ~[tomcat-embed-core-9.0.75.jar:4.0.FR]
	at org.springframework.web.servlet.FrameworkServlet.service(FrameworkServlet.java:883) ~[spring-webmvc-5.3.27.jar:5.3.27]
	at javax.servlet.http.HttpServlet.service(HttpServlet.java:623) ~[tomcat-embed-core-9.0.75.jar:4.0.FR]
	at org.apache.catalina.core.ApplicationFilterChain.internalDoFilter(ApplicationFilterChain.java:209) ~[tomcat-embed-core-9.0.75.jar:9.0.75]
	at org.apache.catalina.core.ApplicationFilterChain.doFilter(ApplicationFilterChain.java:153) ~[tomcat-embed-core-9.0.75.jar:9.0.75]
	at org.apache.tomcat.websocket.server.WsFilter.doFilter(WsFilter.java:51) ~[tomcat-embed-websocket-9.0.75.jar:9.0.75]
	at org.apache.catalina.core.ApplicationFilterChain.internalDoFilter(ApplicationFilterChain.java:178) ~[tomcat-embed-core-9.0.75.jar:9.0.75]
	at org.apache.catalina.core.ApplicationFilterChain.doFilter(ApplicationFilterChain.java:153) ~[tomcat-embed-core-9.0.75.jar:9.0.75]
	at org.springframework.web.filter.RequestContextFilter.doFilterInternal(RequestContextFilter.java:100) ~[spring-web-5.3.27.jar:5.3.27]
	at org.springframework.web.filter.OncePerRequestFilter.doFilter(OncePerRequestFilter.java:117) ~[spring-web-5.3.27.jar:5.3.27]
	at org.apache.catalina.core.ApplicationFilterChain.internalDoFilter(ApplicationFilterChain.java:178) ~[tomcat-embed-core-9.0.75.jar:9.0.75]
	at org.apache.catalina.core.ApplicationFilterChain.doFilter(ApplicationFilterChain.java:153) ~[tomcat-embed-core-9.0.75.jar:9.0.75]
	at org.springframework.web.filter.FormContentFilter.doFilterInternal(FormContentFilter.java:93) ~[spring-web-5.3.27.jar:5.3.27]
	at org.springframework.web.filter.OncePerRequestFilter.doFilter(OncePerRequestFilter.java:117) ~[spring-web-5.3.27.jar:5.3.27]
	at org.apache.catalina.core.ApplicationFilterChain.internalDoFilter(ApplicationFilterChain.java:178) ~[tomcat-embed-core-9.0.75.jar:9.0.75]
	at org.apache.catalina.core.ApplicationFilterChain.doFilter(ApplicationFilterChain.java:153) ~[tomcat-embed-core-9.0.75.jar:9.0.75]
	at org.springframework.web.filter.CharacterEncodingFilter.doFilterInternal(CharacterEncodingFilter.java:201) ~[spring-web-5.3.27.jar:5.3.27]
	at org.springframework.web.filter.OncePerRequestFilter.doFilter(OncePerRequestFilter.java:117) ~[spring-web-5.3.27.jar:5.3.27]
	at org.apache.catalina.core.ApplicationFilterChain.internalDoFilter(ApplicationFilterChain.java:178) ~[tomcat-embed-core-9.0.75.jar:9.0.75]
	at org.apache.catalina.core.ApplicationFilterChain.doFilter(ApplicationFilterChain.java:153) ~[tomcat-embed-core-9.0.75.jar:9.0.75]
	at org.apache.catalina.core.StandardWrapperValve.invoke(StandardWrapperValve.java:167) ~[tomcat-embed-core-9.0.75.jar:9.0.75]
	at org.apache.catalina.core.StandardContextValve.invoke(StandardContextValve.java:90) ~[tomcat-embed-core-9.0.75.jar:9.0.75]
	at org.apache.catalina.authenticator.AuthenticatorBase.invoke(AuthenticatorBase.java:481) ~[tomcat-embed-core-9.0.75.jar:9.0.75]
	at org.apache.catalina.core.StandardHostValve.invoke(StandardHostValve.java:130) ~[tomcat-embed-core-9.0.75.jar:9.0.75]
	at org.apache.catalina.valves.ErrorReportValve.invoke(ErrorReportValve.java:93) ~[tomcat-embed-core-9.0.75.jar:9.0.75]
	at org.apache.catalina.core.StandardEngineValve.invoke(StandardEngineValve.java:74) ~[tomcat-embed-core-9.0.75.jar:9.0.75]
	at org.apache.catalina.connector.CoyoteAdapter.service(CoyoteAdapter.java:343) ~[tomcat-embed-core-9.0.75.jar:9.0.75]
	at org.apache.coyote.http11.Http11Processor.service(Http11Processor.java:390) ~[tomcat-embed-core-9.0.75.jar:9.0.75]
	at org.apache.coyote.AbstractProcessorLight.process(AbstractProcessorLight.java:63) ~[tomcat-embed-core-9.0.75.jar:9.0.75]
	at org.apache.coyote.AbstractProtocol$ConnectionHandler.process(AbstractProtocol.java:926) ~[tomcat-embed-core-9.0.75.jar:9.0.75]
	at org.apache.tomcat.util.net.NioEndpoint$SocketProcessor.doRun(NioEndpoint.java:1791) ~[tomcat-embed-core-9.0.75.jar:9.0.75]
	at org.apache.tomcat.util.net.SocketProcessorBase.run(SocketProcessorBase.java:52) ~[tomcat-embed-core-9.0.75.jar:9.0.75]
	at org.apache.tomcat.util.threads.ThreadPoolExecutor.runWorker(ThreadPoolExecutor.java:1191) ~[tomcat-embed-core-9.0.75.jar:9.0.75]
	at org.apache.tomcat.util.threads.ThreadPoolExecutor$Worker.run(ThreadPoolExecutor.java:659) ~[tomcat-embed-core-9.0.75.jar:9.0.75]
	at org.apache.tomcat.util.threads.TaskThread$WrappingRunnable.run(TaskThread.java:61) ~[tomcat-embed-core-9.0.75.jar:9.0.75]
	at java.base/java.lang.Thread.run(Thread.java:833) ~[na:na]
Caused by: org.apache.ibatis.builder.BuilderException: Error evaluating expression 'ew.sqlSegment != null and ew.sqlSegment != '' and ew.nonEmptyOfWhere'. Cause: org.apache.ibatis.ognl.OgnlException: sqlSegment [java.lang.NoClassDefFoundError: Could not initialize class com.baomidou.mybatisplus.core.toolkit.support.SerializedLambdaMeta]
	at org.apache.ibatis.scripting.xmltags.OgnlCache.getValue(OgnlCache.java:48) ~[mybatis-3.5.7.jar:3.5.7]
	at org.apache.ibatis.scripting.xmltags.ExpressionEvaluator.evaluateBoolean(ExpressionEvaluator.java:32) ~[mybatis-3.5.7.jar:3.5.7]
	at org.apache.ibatis.scripting.xmltags.IfSqlNode.apply(IfSqlNode.java:34) ~[mybatis-3.5.7.jar:3.5.7]
	at org.apache.ibatis.scripting.xmltags.MixedSqlNode.lambda$apply$0(MixedSqlNode.java:32) ~[mybatis-3.5.7.jar:3.5.7]
	at java.base/java.util.ArrayList.forEach(ArrayList.java:1511) ~[na:na]
	at org.apache.ibatis.scripting.xmltags.MixedSqlNode.apply(MixedSqlNode.java:32) ~[mybatis-3.5.7.jar:3.5.7]
	at org.apache.ibatis.scripting.xmltags.TrimSqlNode.apply(TrimSqlNode.java:55) ~[mybatis-3.5.7.jar:3.5.7]
	at org.apache.ibatis.scripting.xmltags.MixedSqlNode.lambda$apply$0(MixedSqlNode.java:32) ~[mybatis-3.5.7.jar:3.5.7]
	at java.base/java.util.ArrayList.forEach(ArrayList.java:1511) ~[na:na]
	at org.apache.ibatis.scripting.xmltags.MixedSqlNode.apply(MixedSqlNode.java:32) ~[mybatis-3.5.7.jar:3.5.7]
	at org.apache.ibatis.scripting.xmltags.IfSqlNode.apply(IfSqlNode.java:35) ~[mybatis-3.5.7.jar:3.5.7]
	at org.apache.ibatis.scripting.xmltags.MixedSqlNode.lambda$apply$0(MixedSqlNode.java:32) ~[mybatis-3.5.7.jar:3.5.7]
	at java.base/java.util.ArrayList.forEach(ArrayList.java:1511) ~[na:na]
	at org.apache.ibatis.scripting.xmltags.MixedSqlNode.apply(MixedSqlNode.java:32) ~[mybatis-3.5.7.jar:3.5.7]
	at org.apache.ibatis.scripting.xmltags.DynamicSqlSource.getBoundSql(DynamicSqlSource.java:39) ~[mybatis-3.5.7.jar:3.5.7]
	at org.apache.ibatis.mapping.MappedStatement.getBoundSql(MappedStatement.java:305) ~[mybatis-3.5.7.jar:3.5.7]
	at com.baomidou.mybatisplus.extension.plugins.MybatisPlusInterceptor.intercept(MybatisPlusInterceptor.java:69) ~[mybatis-plus-extension-3.4.3.jar:3.4.3]
	at org.apache.ibatis.plugin.Plugin.invoke(Plugin.java:62) ~[mybatis-3.5.7.jar:3.5.7]
	at jdk.proxy2/jdk.proxy2.$Proxy131.query(Unknown Source) ~[na:na]
	at org.apache.ibatis.session.defaults.DefaultSqlSession.selectList(DefaultSqlSession.java:151) ~[mybatis-3.5.7.jar:3.5.7]
	at org.apache.ibatis.session.defaults.DefaultSqlSession.selectList(DefaultSqlSession.java:145) ~[mybatis-3.5.7.jar:3.5.7]
	at org.apache.ibatis.session.defaults.DefaultSqlSession.selectList(DefaultSqlSession.java:140) ~[mybatis-3.5.7.jar:3.5.7]
	at org.apache.ibatis.session.defaults.DefaultSqlSession.selectOne(DefaultSqlSession.java:76) ~[mybatis-3.5.7.jar:3.5.7]
	at java.base/jdk.internal.reflect.NativeMethodAccessorImpl.invoke0(Native Method) ~[na:na]
	at java.base/jdk.internal.reflect.NativeMethodAccessorImpl.invoke(NativeMethodAccessorImpl.java:77) ~[na:na]
	at java.base/jdk.internal.reflect.DelegatingMethodAccessorImpl.invoke(DelegatingMethodAccessorImpl.java:43) ~[na:na]
	at java.base/java.lang.reflect.Method.invoke(Method.java:568) ~[na:na]
	at org.mybatis.spring.SqlSessionTemplate$SqlSessionInterceptor.invoke(SqlSessionTemplate.java:427) ~[mybatis-spring-2.0.6.jar:2.0.6]
	... 65 common frames omitted
Caused by: org.apache.ibatis.ognl.OgnlException: sqlSegment
	at org.apache.ibatis.ognl.OgnlRuntime.getMethodValue(OgnlRuntime.java:2165) ~[mybatis-3.5.7.jar:3.5.7]
	at org.apache.ibatis.ognl.ObjectPropertyAccessor.getPossibleProperty(ObjectPropertyAccessor.java:66) ~[mybatis-3.5.7.jar:3.5.7]
	at org.apache.ibatis.ognl.ObjectPropertyAccessor.getProperty(ObjectPropertyAccessor.java:160) ~[mybatis-3.5.7.jar:3.5.7]
	at org.apache.ibatis.ognl.OgnlRuntime.getProperty(OgnlRuntime.java:3373) ~[mybatis-3.5.7.jar:3.5.7]
	at org.apache.ibatis.ognl.ASTProperty.getValueBody(ASTProperty.java:121) ~[mybatis-3.5.7.jar:3.5.7]
	at org.apache.ibatis.ognl.SimpleNode.evaluateGetValueBody(SimpleNode.java:212) ~[mybatis-3.5.7.jar:3.5.7]
	at org.apache.ibatis.ognl.SimpleNode.getValue(SimpleNode.java:258) ~[mybatis-3.5.7.jar:3.5.7]
	at org.apache.ibatis.ognl.ASTChain.getValueBody(ASTChain.java:141) ~[mybatis-3.5.7.jar:3.5.7]
	at org.apache.ibatis.ognl.SimpleNode.evaluateGetValueBody(SimpleNode.java:212) ~[mybatis-3.5.7.jar:3.5.7]
	at org.apache.ibatis.ognl.SimpleNode.getValue(SimpleNode.java:258) ~[mybatis-3.5.7.jar:3.5.7]
	at org.apache.ibatis.ognl.ASTNotEq.getValueBody(ASTNotEq.java:50) ~[mybatis-3.5.7.jar:3.5.7]
	at org.apache.ibatis.ognl.SimpleNode.evaluateGetValueBody(SimpleNode.java:212) ~[mybatis-3.5.7.jar:3.5.7]
	at org.apache.ibatis.ognl.SimpleNode.getValue(SimpleNode.java:258) ~[mybatis-3.5.7.jar:3.5.7]
	at org.apache.ibatis.ognl.ASTAnd.getValueBody(ASTAnd.java:61) ~[mybatis-3.5.7.jar:3.5.7]
	at org.apache.ibatis.ognl.SimpleNode.evaluateGetValueBody(SimpleNode.java:212) ~[mybatis-3.5.7.jar:3.5.7]
	at org.apache.ibatis.ognl.SimpleNode.getValue(SimpleNode.java:258) ~[mybatis-3.5.7.jar:3.5.7]
	at org.apache.ibatis.ognl.Ognl.getValue(Ognl.java:586) ~[mybatis-3.5.7.jar:3.5.7]
	at org.apache.ibatis.ognl.Ognl.getValue(Ognl.java:550) ~[mybatis-3.5.7.jar:3.5.7]
	at org.apache.ibatis.scripting.xmltags.OgnlCache.getValue(OgnlCache.java:46) ~[mybatis-3.5.7.jar:3.5.7]
	... 92 common frames omitted
Caused by: java.lang.NoClassDefFoundError: Could not initialize class com.baomidou.mybatisplus.core.toolkit.support.SerializedLambdaMeta
	at com.baomidou.mybatisplus.core.toolkit.LambdaUtils.extract(LambdaUtils.java:55) ~[mybatis-plus-core-3.4.3.jar:3.4.3]
	at com.baomidou.mybatisplus.core.conditions.AbstractLambdaWrapper.getColumnCache(AbstractLambdaWrapper.java:75) ~[mybatis-plus-core-3.4.3.jar:3.4.3]
	at com.baomidou.mybatisplus.core.conditions.AbstractLambdaWrapper.columnToString(AbstractLambdaWrapper.java:62) ~[mybatis-plus-core-3.4.3.jar:3.4.3]
	at com.baomidou.mybatisplus.core.conditions.AbstractLambdaWrapper.columnToString(AbstractLambdaWrapper.java:58) ~[mybatis-plus-core-3.4.3.jar:3.4.3]
	at com.baomidou.mybatisplus.core.conditions.AbstractLambdaWrapper.columnToString(AbstractLambdaWrapper.java:38) ~[mybatis-plus-core-3.4.3.jar:3.4.3]
	at com.baomidou.mybatisplus.core.conditions.AbstractWrapper.lambda$columnToSqlSegment$a3f115af$1(AbstractWrapper.java:575) ~[mybatis-plus-core-3.4.3.jar:3.4.3]
	at java.base/java.util.stream.ReferencePipeline$3$1.accept(ReferencePipeline.java:197) ~[na:na]
	at java.base/java.util.ArrayList$ArrayListSpliterator.forEachRemaining(ArrayList.java:1625) ~[na:na]
	at java.base/java.util.stream.AbstractPipeline.copyInto(AbstractPipeline.java:509) ~[na:na]
	at java.base/java.util.stream.AbstractPipeline.wrapAndCopyInto(AbstractPipeline.java:499) ~[na:na]
	at java.base/java.util.stream.ReduceOps$ReduceOp.evaluateSequential(ReduceOps.java:921) ~[na:na]
	at java.base/java.util.stream.AbstractPipeline.evaluate(AbstractPipeline.java:234) ~[na:na]
	at java.base/java.util.stream.ReferencePipeline.collect(ReferencePipeline.java:682) ~[na:na]
	at com.baomidou.mybatisplus.core.conditions.segments.NormalSegmentList.childrenSqlSegment(NormalSegmentList.java:89) ~[mybatis-plus-core-3.4.3.jar:3.4.3]
	at com.baomidou.mybatisplus.core.conditions.segments.AbstractISegmentList.getSqlSegment(AbstractISegmentList.java:103) ~[mybatis-plus-core-3.4.3.jar:3.4.3]
	at com.baomidou.mybatisplus.core.conditions.segments.MergeSegments.getSqlSegment(MergeSegments.java:72) ~[mybatis-plus-core-3.4.3.jar:3.4.3]
	at com.baomidou.mybatisplus.core.conditions.AbstractWrapper.getSqlSegment(AbstractWrapper.java:525) ~[mybatis-plus-core-3.4.3.jar:3.4.3]
	at java.base/jdk.internal.reflect.NativeMethodAccessorImpl.invoke0(Native Method) ~[na:na]
	at java.base/jdk.internal.reflect.NativeMethodAccessorImpl.invoke(NativeMethodAccessorImpl.java:77) ~[na:na]
	at java.base/jdk.internal.reflect.DelegatingMethodAccessorImpl.invoke(DelegatingMethodAccessorImpl.java:43) ~[na:na]
	at java.base/java.lang.reflect.Method.invoke(Method.java:568) ~[na:na]
	at org.apache.ibatis.ognl.OgnlRuntime.invokeMethodInsideSandbox(OgnlRuntime.java:1266) ~[mybatis-3.5.7.jar:3.5.7]
	at org.apache.ibatis.ognl.OgnlRuntime.invokeMethod(OgnlRuntime.java:1251) ~[mybatis-3.5.7.jar:3.5.7]
	at org.apache.ibatis.ognl.OgnlRuntime.getMethodValue(OgnlRuntime.java:2163) ~[mybatis-3.5.7.jar:3.5.7]
	... 110 common frames omitted

16:35:36:325 ERROR 39732 --- [http-nio-8080-exec-1] c.h.common.advice.CommonExceptionAdvice  : 其他异常 uri : /users/login -> 

org.mybatis.spring.MyBatisSystemException: nested exception is org.apache.ibatis.builder.BuilderException: Error evaluating expression 'ew.sqlSegment != null and ew.sqlSegment != '' and ew.nonEmptyOfWhere'. Cause: org.apache.ibatis.ognl.OgnlException: sqlSegment [java.lang.NoClassDefFoundError: Could not initialize class com.baomidou.mybatisplus.core.toolkit.support.SerializedLambdaMeta]
	at org.mybatis.spring.MyBatisExceptionTranslator.translateExceptionIfPossible(MyBatisExceptionTranslator.java:96) ~[mybatis-spring-2.0.6.jar:2.0.6]
	at org.mybatis.spring.SqlSessionTemplate$SqlSessionInterceptor.invoke(SqlSessionTemplate.java:441) ~[mybatis-spring-2.0.6.jar:2.0.6]
	at jdk.proxy2/jdk.proxy2.$Proxy87.selectOne(Unknown Source) ~[na:na]
	at org.mybatis.spring.SqlSessionTemplate.selectOne(SqlSessionTemplate.java:160) ~[mybatis-spring-2.0.6.jar:2.0.6]
	at com.baomidou.mybatisplus.core.override.MybatisMapperMethod.execute(MybatisMapperMethod.java:89) ~[mybatis-plus-core-3.4.3.jar:3.4.3]
	at com.baomidou.mybatisplus.core.override.MybatisMapperProxy$PlainMethodInvoker.invoke(MybatisMapperProxy.java:148) ~[mybatis-plus-core-3.4.3.jar:3.4.3]
	at com.baomidou.mybatisplus.core.override.MybatisMapperProxy.invoke(MybatisMapperProxy.java:89) ~[mybatis-plus-core-3.4.3.jar:3.4.3]
	at jdk.proxy2/jdk.proxy2.$Proxy99.selectOne(Unknown Source) ~[na:na]
	at com.baomidou.mybatisplus.extension.conditions.query.ChainQuery.one(ChainQuery.java:48) ~[mybatis-plus-extension-3.4.3.jar:3.4.3]
	at com.hmall.service.impl.UserServiceImpl.login(UserServiceImpl.java:46) ~[classes/:na]
	at com.hmall.service.impl.UserServiceImpl$$FastClassBySpringCGLIB$$84609514.invoke(<generated>) ~[classes/:na]
	at org.springframework.cglib.proxy.MethodProxy.invoke(MethodProxy.java:218) ~[spring-core-5.3.27.jar:5.3.27]
	at org.springframework.aop.framework.CglibAopProxy.invokeMethod(CglibAopProxy.java:386) ~[spring-aop-5.3.27.jar:5.3.27]
	at org.springframework.aop.framework.CglibAopProxy.access$000(CglibAopProxy.java:85) ~[spring-aop-5.3.27.jar:5.3.27]
	at org.springframework.aop.framework.CglibAopProxy$DynamicAdvisedInterceptor.intercept(CglibAopProxy.java:704) ~[spring-aop-5.3.27.jar:5.3.27]
	at com.hmall.service.impl.UserServiceImpl$$EnhancerBySpringCGLIB$$80d4d314.login(<generated>) ~[classes/:na]
	at com.hmall.controller.UserController.login(UserController.java:25) ~[classes/:na]
	at java.base/jdk.internal.reflect.NativeMethodAccessorImpl.invoke0(Native Method) ~[na:na]
	at java.base/jdk.internal.reflect.NativeMethodAccessorImpl.invoke(NativeMethodAccessorImpl.java:77) ~[na:na]
	at java.base/jdk.internal.reflect.DelegatingMethodAccessorImpl.invoke(DelegatingMethodAccessorImpl.java:43) ~[na:na]
	at java.base/java.lang.reflect.Method.invoke(Method.java:568) ~[na:na]
	at org.springframework.web.method.support.InvocableHandlerMethod.doInvoke(InvocableHandlerMethod.java:205) ~[spring-web-5.3.27.jar:5.3.27]
	at org.springframework.web.method.support.InvocableHandlerMethod.invokeForRequest(InvocableHandlerMethod.java:150) ~[spring-web-5.3.27.jar:5.3.27]
	at org.springframework.web.servlet.mvc.method.annotation.ServletInvocableHandlerMethod.invokeAndHandle(ServletInvocableHandlerMethod.java:117) ~[spring-webmvc-5.3.27.jar:5.3.27]
	at org.springframework.web.servlet.mvc.method.annotation.RequestMappingHandlerAdapter.invokeHandlerMethod(RequestMappingHandlerAdapter.java:895) ~[spring-webmvc-5.3.27.jar:5.3.27]
	at org.springframework.web.servlet.mvc.method.annotation.RequestMappingHandlerAdapter.handleInternal(RequestMappingHandlerAdapter.java:808) ~[spring-webmvc-5.3.27.jar:5.3.27]
	at org.springframework.web.servlet.mvc.method.AbstractHandlerMethodAdapter.handle(AbstractHandlerMethodAdapter.java:87) ~[spring-webmvc-5.3.27.jar:5.3.27]
	at org.springframework.web.servlet.DispatcherServlet.doDispatch(DispatcherServlet.java:1072) ~[spring-webmvc-5.3.27.jar:5.3.27]
	at org.springframework.web.servlet.DispatcherServlet.doService(DispatcherServlet.java:965) ~[spring-webmvc-5.3.27.jar:5.3.27]
	at org.springframework.web.servlet.FrameworkServlet.processRequest(FrameworkServlet.java:1006) ~[spring-webmvc-5.3.27.jar:5.3.27]
	at org.springframework.web.servlet.FrameworkServlet.doPost(FrameworkServlet.java:909) ~[spring-webmvc-5.3.27.jar:5.3.27]
	at javax.servlet.http.HttpServlet.service(HttpServlet.java:555) ~[tomcat-embed-core-9.0.75.jar:4.0.FR]
	at org.springframework.web.servlet.FrameworkServlet.service(FrameworkServlet.java:883) ~[spring-webmvc-5.3.27.jar:5.3.27]
	at javax.servlet.http.HttpServlet.service(HttpServlet.java:623) ~[tomcat-embed-core-9.0.75.jar:4.0.FR]
	at org.apache.catalina.core.ApplicationFilterChain.internalDoFilter(ApplicationFilterChain.java:209) ~[tomcat-embed-core-9.0.75.jar:9.0.75]
	at org.apache.catalina.core.ApplicationFilterChain.doFilter(ApplicationFilterChain.java:153) ~[tomcat-embed-core-9.0.75.jar:9.0.75]
	at org.apache.tomcat.websocket.server.WsFilter.doFilter(WsFilter.java:51) ~[tomcat-embed-websocket-9.0.75.jar:9.0.75]
	at org.apache.catalina.core.ApplicationFilterChain.internalDoFilter(ApplicationFilterChain.java:178) ~[tomcat-embed-core-9.0.75.jar:9.0.75]
	at org.apache.catalina.core.ApplicationFilterChain.doFilter(ApplicationFilterChain.java:153) ~[tomcat-embed-core-9.0.75.jar:9.0.75]
	at org.springframework.web.filter.RequestContextFilter.doFilterInternal(RequestContextFilter.java:100) ~[spring-web-5.3.27.jar:5.3.27]
	at org.springframework.web.filter.OncePerRequestFilter.doFilter(OncePerRequestFilter.java:117) ~[spring-web-5.3.27.jar:5.3.27]
	at org.apache.catalina.core.ApplicationFilterChain.internalDoFilter(ApplicationFilterChain.java:178) ~[tomcat-embed-core-9.0.75.jar:9.0.75]
	at org.apache.catalina.core.ApplicationFilterChain.doFilter(ApplicationFilterChain.java:153) ~[tomcat-embed-core-9.0.75.jar:9.0.75]
	at org.springframework.web.filter.FormContentFilter.doFilterInternal(FormContentFilter.java:93) ~[spring-web-5.3.27.jar:5.3.27]
	at org.springframework.web.filter.OncePerRequestFilter.doFilter(OncePerRequestFilter.java:117) ~[spring-web-5.3.27.jar:5.3.27]
	at org.apache.catalina.core.ApplicationFilterChain.internalDoFilter(ApplicationFilterChain.java:178) ~[tomcat-embed-core-9.0.75.jar:9.0.75]
	at org.apache.catalina.core.ApplicationFilterChain.doFilter(ApplicationFilterChain.java:153) ~[tomcat-embed-core-9.0.75.jar:9.0.75]
	at org.springframework.web.filter.CharacterEncodingFilter.doFilterInternal(CharacterEncodingFilter.java:201) ~[spring-web-5.3.27.jar:5.3.27]
	at org.springframework.web.filter.OncePerRequestFilter.doFilter(OncePerRequestFilter.java:117) ~[spring-web-5.3.27.jar:5.3.27]
	at org.apache.catalina.core.ApplicationFilterChain.internalDoFilter(ApplicationFilterChain.java:178) ~[tomcat-embed-core-9.0.75.jar:9.0.75]
	at org.apache.catalina.core.ApplicationFilterChain.doFilter(ApplicationFilterChain.java:153) ~[tomcat-embed-core-9.0.75.jar:9.0.75]
	at org.apache.catalina.core.StandardWrapperValve.invoke(StandardWrapperValve.java:167) ~[tomcat-embed-core-9.0.75.jar:9.0.75]
	at org.apache.catalina.core.StandardContextValve.invoke(StandardContextValve.java:90) ~[tomcat-embed-core-9.0.75.jar:9.0.75]
	at org.apache.catalina.authenticator.AuthenticatorBase.invoke(AuthenticatorBase.java:481) ~[tomcat-embed-core-9.0.75.jar:9.0.75]
	at org.apache.catalina.core.StandardHostValve.invoke(StandardHostValve.java:130) ~[tomcat-embed-core-9.0.75.jar:9.0.75]
	at org.apache.catalina.valves.ErrorReportValve.invoke(ErrorReportValve.java:93) ~[tomcat-embed-core-9.0.75.jar:9.0.75]
	at org.apache.catalina.core.StandardEngineValve.invoke(StandardEngineValve.java:74) ~[tomcat-embed-core-9.0.75.jar:9.0.75]
	at org.apache.catalina.connector.CoyoteAdapter.service(CoyoteAdapter.java:343) ~[tomcat-embed-core-9.0.75.jar:9.0.75]
	at org.apache.coyote.http11.Http11Processor.service(Http11Processor.java:390) ~[tomcat-embed-core-9.0.75.jar:9.0.75]
	at org.apache.coyote.AbstractProcessorLight.process(AbstractProcessorLight.java:63) ~[tomcat-embed-core-9.0.75.jar:9.0.75]
	at org.apache.coyote.AbstractProtocol$ConnectionHandler.process(AbstractProtocol.java:926) ~[tomcat-embed-core-9.0.75.jar:9.0.75]
	at org.apache.tomcat.util.net.NioEndpoint$SocketProcessor.doRun(NioEndpoint.java:1791) ~[tomcat-embed-core-9.0.75.jar:9.0.75]
	at org.apache.tomcat.util.net.SocketProcessorBase.run(SocketProcessorBase.java:52) ~[tomcat-embed-core-9.0.75.jar:9.0.75]
	at org.apache.tomcat.util.threads.ThreadPoolExecutor.runWorker(ThreadPoolExecutor.java:1191) ~[tomcat-embed-core-9.0.75.jar:9.0.75]
	at org.apache.tomcat.util.threads.ThreadPoolExecutor$Worker.run(ThreadPoolExecutor.java:659) ~[tomcat-embed-core-9.0.75.jar:9.0.75]
	at org.apache.tomcat.util.threads.TaskThread$WrappingRunnable.run(TaskThread.java:61) ~[tomcat-embed-core-9.0.75.jar:9.0.75]
	at java.base/java.lang.Thread.run(Thread.java:833) ~[na:na]
Caused by: org.apache.ibatis.builder.BuilderException: Error evaluating expression 'ew.sqlSegment != null and ew.sqlSegment != '' and ew.nonEmptyOfWhere'. Cause: org.apache.ibatis.ognl.OgnlException: sqlSegment [java.lang.NoClassDefFoundError: Could not initialize class com.baomidou.mybatisplus.core.toolkit.support.SerializedLambdaMeta]
	at org.apache.ibatis.scripting.xmltags.OgnlCache.getValue(OgnlCache.java:48) ~[mybatis-3.5.7.jar:3.5.7]
	at org.apache.ibatis.scripting.xmltags.ExpressionEvaluator.evaluateBoolean(ExpressionEvaluator.java:32) ~[mybatis-3.5.7.jar:3.5.7]
	at org.apache.ibatis.scripting.xmltags.IfSqlNode.apply(IfSqlNode.java:34) ~[mybatis-3.5.7.jar:3.5.7]
	at org.apache.ibatis.scripting.xmltags.MixedSqlNode.lambda$apply$0(MixedSqlNode.java:32) ~[mybatis-3.5.7.jar:3.5.7]
	at java.base/java.util.ArrayList.forEach(ArrayList.java:1511) ~[na:na]
	at org.apache.ibatis.scripting.xmltags.MixedSqlNode.apply(MixedSqlNode.java:32) ~[mybatis-3.5.7.jar:3.5.7]
	at org.apache.ibatis.scripting.xmltags.TrimSqlNode.apply(TrimSqlNode.java:55) ~[mybatis-3.5.7.jar:3.5.7]
	at org.apache.ibatis.scripting.xmltags.MixedSqlNode.lambda$apply$0(MixedSqlNode.java:32) ~[mybatis-3.5.7.jar:3.5.7]
	at java.base/java.util.ArrayList.forEach(ArrayList.java:1511) ~[na:na]
	at org.apache.ibatis.scripting.xmltags.MixedSqlNode.apply(MixedSqlNode.java:32) ~[mybatis-3.5.7.jar:3.5.7]
	at org.apache.ibatis.scripting.xmltags.IfSqlNode.apply(IfSqlNode.java:35) ~[mybatis-3.5.7.jar:3.5.7]
	at org.apache.ibatis.scripting.xmltags.MixedSqlNode.lambda$apply$0(MixedSqlNode.java:32) ~[mybatis-3.5.7.jar:3.5.7]
	at java.base/java.util.ArrayList.forEach(ArrayList.java:1511) ~[na:na]
	at org.apache.ibatis.scripting.xmltags.MixedSqlNode.apply(MixedSqlNode.java:32) ~[mybatis-3.5.7.jar:3.5.7]
	at org.apache.ibatis.scripting.xmltags.DynamicSqlSource.getBoundSql(DynamicSqlSource.java:39) ~[mybatis-3.5.7.jar:3.5.7]
	at org.apache.ibatis.mapping.MappedStatement.getBoundSql(MappedStatement.java:305) ~[mybatis-3.5.7.jar:3.5.7]
	at com.baomidou.mybatisplus.extension.plugins.MybatisPlusInterceptor.intercept(MybatisPlusInterceptor.java:69) ~[mybatis-plus-extension-3.4.3.jar:3.4.3]
	at org.apache.ibatis.plugin.Plugin.invoke(Plugin.java:62) ~[mybatis-3.5.7.jar:3.5.7]
	at jdk.proxy2/jdk.proxy2.$Proxy131.query(Unknown Source) ~[na:na]
	at org.apache.ibatis.session.defaults.DefaultSqlSession.selectList(DefaultSqlSession.java:151) ~[mybatis-3.5.7.jar:3.5.7]
	at org.apache.ibatis.session.defaults.DefaultSqlSession.selectList(DefaultSqlSession.java:145) ~[mybatis-3.5.7.jar:3.5.7]
	at org.apache.ibatis.session.defaults.DefaultSqlSession.selectList(DefaultSqlSession.java:140) ~[mybatis-3.5.7.jar:3.5.7]
	at org.apache.ibatis.session.defaults.DefaultSqlSession.selectOne(DefaultSqlSession.java:76) ~[mybatis-3.5.7.jar:3.5.7]
	at java.base/jdk.internal.reflect.NativeMethodAccessorImpl.invoke0(Native Method) ~[na:na]
	at java.base/jdk.internal.reflect.NativeMethodAccessorImpl.invoke(NativeMethodAccessorImpl.java:77) ~[na:na]
	at java.base/jdk.internal.reflect.DelegatingMethodAccessorImpl.invoke(DelegatingMethodAccessorImpl.java:43) ~[na:na]
	at java.base/java.lang.reflect.Method.invoke(Method.java:568) ~[na:na]
	at org.mybatis.spring.SqlSessionTemplate$SqlSessionInterceptor.invoke(SqlSessionTemplate.java:427) ~[mybatis-spring-2.0.6.jar:2.0.6]
	... 65 common frames omitted
Caused by: org.apache.ibatis.ognl.OgnlException: sqlSegment
	at org.apache.ibatis.ognl.OgnlRuntime.getMethodValue(OgnlRuntime.java:2165) ~[mybatis-3.5.7.jar:3.5.7]
	at org.apache.ibatis.ognl.ObjectPropertyAccessor.getPossibleProperty(ObjectPropertyAccessor.java:66) ~[mybatis-3.5.7.jar:3.5.7]
	at org.apache.ibatis.ognl.ObjectPropertyAccessor.getProperty(ObjectPropertyAccessor.java:160) ~[mybatis-3.5.7.jar:3.5.7]
	at org.apache.ibatis.ognl.OgnlRuntime.getProperty(OgnlRuntime.java:3373) ~[mybatis-3.5.7.jar:3.5.7]
	at org.apache.ibatis.ognl.ASTProperty.getValueBody(ASTProperty.java:121) ~[mybatis-3.5.7.jar:3.5.7]
	at org.apache.ibatis.ognl.SimpleNode.evaluateGetValueBody(SimpleNode.java:212) ~[mybatis-3.5.7.jar:3.5.7]
	at org.apache.ibatis.ognl.SimpleNode.getValue(SimpleNode.java:258) ~[mybatis-3.5.7.jar:3.5.7]
	at org.apache.ibatis.ognl.ASTChain.getValueBody(ASTChain.java:141) ~[mybatis-3.5.7.jar:3.5.7]
	at org.apache.ibatis.ognl.SimpleNode.evaluateGetValueBody(SimpleNode.java:212) ~[mybatis-3.5.7.jar:3.5.7]
	at org.apache.ibatis.ognl.SimpleNode.getValue(SimpleNode.java:258) ~[mybatis-3.5.7.jar:3.5.7]
	at org.apache.ibatis.ognl.ASTNotEq.getValueBody(ASTNotEq.java:50) ~[mybatis-3.5.7.jar:3.5.7]
	at org.apache.ibatis.ognl.SimpleNode.evaluateGetValueBody(SimpleNode.java:212) ~[mybatis-3.5.7.jar:3.5.7]
	at org.apache.ibatis.ognl.SimpleNode.getValue(SimpleNode.java:258) ~[mybatis-3.5.7.jar:3.5.7]
	at org.apache.ibatis.ognl.ASTAnd.getValueBody(ASTAnd.java:61) ~[mybatis-3.5.7.jar:3.5.7]
	at org.apache.ibatis.ognl.SimpleNode.evaluateGetValueBody(SimpleNode.java:212) ~[mybatis-3.5.7.jar:3.5.7]
	at org.apache.ibatis.ognl.SimpleNode.getValue(SimpleNode.java:258) ~[mybatis-3.5.7.jar:3.5.7]
	at org.apache.ibatis.ognl.Ognl.getValue(Ognl.java:586) ~[mybatis-3.5.7.jar:3.5.7]
	at org.apache.ibatis.ognl.Ognl.getValue(Ognl.java:550) ~[mybatis-3.5.7.jar:3.5.7]
	at org.apache.ibatis.scripting.xmltags.OgnlCache.getValue(OgnlCache.java:46) ~[mybatis-3.5.7.jar:3.5.7]
	... 92 common frames omitted
Caused by: java.lang.NoClassDefFoundError: Could not initialize class com.baomidou.mybatisplus.core.toolkit.support.SerializedLambdaMeta
	at com.baomidou.mybatisplus.core.toolkit.LambdaUtils.extract(LambdaUtils.java:55) ~[mybatis-plus-core-3.4.3.jar:3.4.3]
	at com.baomidou.mybatisplus.core.conditions.AbstractLambdaWrapper.getColumnCache(AbstractLambdaWrapper.java:75) ~[mybatis-plus-core-3.4.3.jar:3.4.3]
	at com.baomidou.mybatisplus.core.conditions.AbstractLambdaWrapper.columnToString(AbstractLambdaWrapper.java:62) ~[mybatis-plus-core-3.4.3.jar:3.4.3]
	at com.baomidou.mybatisplus.core.conditions.AbstractLambdaWrapper.columnToString(AbstractLambdaWrapper.java:58) ~[mybatis-plus-core-3.4.3.jar:3.4.3]
	at com.baomidou.mybatisplus.core.conditions.AbstractLambdaWrapper.columnToString(AbstractLambdaWrapper.java:38) ~[mybatis-plus-core-3.4.3.jar:3.4.3]
	at com.baomidou.mybatisplus.core.conditions.AbstractWrapper.lambda$columnToSqlSegment$a3f115af$1(AbstractWrapper.java:575) ~[mybatis-plus-core-3.4.3.jar:3.4.3]
	at java.base/java.util.stream.ReferencePipeline$3$1.accept(ReferencePipeline.java:197) ~[na:na]
	at java.base/java.util.ArrayList$ArrayListSpliterator.forEachRemaining(ArrayList.java:1625) ~[na:na]
	at java.base/java.util.stream.AbstractPipeline.copyInto(AbstractPipeline.java:509) ~[na:na]
	at java.base/java.util.stream.AbstractPipeline.wrapAndCopyInto(AbstractPipeline.java:499) ~[na:na]
	at java.base/java.util.stream.ReduceOps$ReduceOp.evaluateSequential(ReduceOps.java:921) ~[na:na]
	at java.base/java.util.stream.AbstractPipeline.evaluate(AbstractPipeline.java:234) ~[na:na]
	at java.base/java.util.stream.ReferencePipeline.collect(ReferencePipeline.java:682) ~[na:na]
	at com.baomidou.mybatisplus.core.conditions.segments.NormalSegmentList.childrenSqlSegment(NormalSegmentList.java:89) ~[mybatis-plus-core-3.4.3.jar:3.4.3]
	at com.baomidou.mybatisplus.core.conditions.segments.AbstractISegmentList.getSqlSegment(AbstractISegmentList.java:103) ~[mybatis-plus-core-3.4.3.jar:3.4.3]
	at com.baomidou.mybatisplus.core.conditions.segments.MergeSegments.getSqlSegment(MergeSegments.java:72) ~[mybatis-plus-core-3.4.3.jar:3.4.3]
	at com.baomidou.mybatisplus.core.conditions.AbstractWrapper.getSqlSegment(AbstractWrapper.java:525) ~[mybatis-plus-core-3.4.3.jar:3.4.3]
	at java.base/jdk.internal.reflect.NativeMethodAccessorImpl.invoke0(Native Method) ~[na:na]
	at java.base/jdk.internal.reflect.NativeMethodAccessorImpl.invoke(NativeMethodAccessorImpl.java:77) ~[na:na]
	at java.base/jdk.internal.reflect.DelegatingMethodAccessorImpl.invoke(DelegatingMethodAccessorImpl.java:43) ~[na:na]
	at java.base/java.lang.reflect.Method.invoke(Method.java:568) ~[na:na]
	at org.apache.ibatis.ognl.OgnlRuntime.invokeMethodInsideSandbox(OgnlRuntime.java:1266) ~[mybatis-3.5.7.jar:3.5.7]
	at org.apache.ibatis.ognl.OgnlRuntime.invokeMethod(OgnlRuntime.java:1251) ~[mybatis-3.5.7.jar:3.5.7]
	at org.apache.ibatis.ognl.OgnlRuntime.getMethodValue(OgnlRuntime.java:2163) ~[mybatis-3.5.7.jar:3.5.7]
	... 110 common frames omitted

16:38:10:662  INFO 8288 --- [main] com.hmall.HMallApplication               : Starting HMallApplication using Java 11.0.31 on ArthurShen with PID 8288 (C:\Users\shena\OneDrive\Desktop\Microservices_E_commerce_Platform\hmall\hm-service\target\classes started by shena in C:\Users\shena\OneDrive\Desktop\Microservices_E_commerce_Platform\hmall)
16:38:10:664 DEBUG 8288 --- [main] com.hmall.HMallApplication               : Running with Spring Boot v2.7.12, Spring v5.3.27
16:38:10:664  INFO 8288 --- [main] com.hmall.HMallApplication               : The following 1 profile is active: "local"
16:38:12:023  INFO 8288 --- [main] .s.d.r.c.RepositoryConfigurationDelegate : Multiple Spring Data modules found, entering strict repository configuration mode
16:38:12:025  INFO 8288 --- [main] .s.d.r.c.RepositoryConfigurationDelegate : Bootstrapping Spring Data Redis repositories in DEFAULT mode.
16:38:12:039  INFO 8288 --- [main] .s.d.r.c.RepositoryConfigurationDelegate : Finished Spring Data repository scanning in 8 ms. Found 0 Redis repository interfaces.
16:38:12:267  INFO 8288 --- [main] o.s.b.w.embedded.tomcat.TomcatWebServer  : Tomcat initialized with port(s): 8080 (http)
16:38:12:271  INFO 8288 --- [main] o.apache.catalina.core.StandardService   : Starting service [Tomcat]
16:38:12:272  INFO 8288 --- [main] org.apache.catalina.core.StandardEngine  : Starting Servlet engine: [Apache Tomcat/9.0.75]
16:38:12:333  INFO 8288 --- [main] o.a.c.c.C.[Tomcat].[localhost].[/]       : Initializing Spring embedded WebApplicationContext
16:38:12:333  INFO 8288 --- [main] w.s.c.ServletWebServerApplicationContext : Root WebApplicationContext: initialization completed in 1647 ms
16:38:13:410  INFO 8288 --- [main] pertySourcedRequestMappingHandlerMapping : Mapped URL path [/v2/api-docs] onto method [springfox.documentation.swagger2.web.Swagger2ControllerWebMvc#getDocumentation(String, HttpServletRequest)]
16:38:13:593  INFO 8288 --- [main] o.s.b.w.embedded.tomcat.TomcatWebServer  : Tomcat started on port(s): 8080 (http) with context path ''
16:38:13:594  INFO 8288 --- [main] d.s.w.p.DocumentationPluginsBootstrapper : Documentation plugins bootstrapped
16:38:13:595  INFO 8288 --- [main] d.s.w.p.DocumentationPluginsBootstrapper : Found 1 custom documentation plugin(s)
16:38:13:610  INFO 8288 --- [main] s.d.s.w.s.ApiListingReferenceScanner     : Scanning for api listing references
16:38:13:694  INFO 8288 --- [main] com.hmall.HMallApplication               : Started HMallApplication in 3.237 seconds (JVM running for 3.723)
16:38:25:345  INFO 8288 --- [http-nio-8080-exec-1] o.a.c.c.C.[Tomcat].[localhost].[/]       : Initializing Spring DispatcherServlet 'dispatcherServlet'
16:38:25:347  INFO 8288 --- [http-nio-8080-exec-1] o.s.web.servlet.DispatcherServlet        : Initializing Servlet 'dispatcherServlet'
16:38:25:348  INFO 8288 --- [http-nio-8080-exec-1] o.s.web.servlet.DispatcherServlet        : Completed initialization in 1 ms
16:38:25:427  INFO 8288 --- [http-nio-8080-exec-1] com.zaxxer.hikari.HikariDataSource       : HikariPool-1 - Starting...
16:38:25:553  INFO 8288 --- [http-nio-8080-exec-1] com.zaxxer.hikari.HikariDataSource       : HikariPool-1 - Start completed.
16:38:25:556 DEBUG 8288 --- [http-nio-8080-exec-1] com.hmall.mapper.UserMapper.selectOne    : ==>  Preparing: SELECT id,username,password,phone,create_time,update_time,status,balance FROM user WHERE (username = ?)
16:38:25:567 DEBUG 8288 --- [http-nio-8080-exec-1] com.hmall.mapper.UserMapper.selectOne    : ==> Parameters: Jack(String)
16:38:25:595 DEBUG 8288 --- [http-nio-8080-exec-1] com.hmall.mapper.UserMapper.selectOne    : <==      Total: 1
16:38:26:035 DEBUG 8288 --- [http-nio-8080-exec-4] com.hmall.mapper.CartMapper.selectList   : ==>  Preparing: SELECT id,user_id,item_id,num,name,spec,price,image,create_time,update_time FROM cart WHERE (user_id = ?)
16:38:26:036 DEBUG 8288 --- [http-nio-8080-exec-4] com.hmall.mapper.CartMapper.selectList   : ==> Parameters: 1(Long)
16:38:26:053 DEBUG 8288 --- [http-nio-8080-exec-4] com.hmall.mapper.CartMapper.selectList   : <==      Total: 0
16:38:29:522 DEBUG 8288 --- [http-nio-8080-exec-3] com.hmall.mapper.CartMapper.selectList   : ==>  Preparing: SELECT id,user_id,item_id,num,name,spec,price,image,create_time,update_time FROM cart WHERE (user_id = ?)
16:38:29:522 DEBUG 8288 --- [http-nio-8080-exec-3] com.hmall.mapper.CartMapper.selectList   : ==> Parameters: 1(Long)
16:38:29:524 DEBUG 8288 --- [http-nio-8080-exec-3] com.hmall.mapper.CartMapper.selectList   : <==      Total: 0
17:56:52:366  INFO 8288 --- [SpringApplicationShutdownHook] com.zaxxer.hikari.HikariDataSource       : HikariPool-1 - Shutdown initiated...
17:56:52:375  INFO 8288 --- [SpringApplicationShutdownHook] com.zaxxer.hikari.HikariDataSource       : HikariPool-1 - Shutdown completed.
17:57:40:954  INFO 31864 --- [main] com.hmall.HMallApplication               : Starting HMallApplication using Java 11.0.31 on ArthurShen with PID 31864 (C:\Users\shena\OneDrive\Desktop\Microservices_E_commerce_Platform\hmall\hm-service\target\classes started by shena in C:\Users\shena\OneDrive\Desktop\Microservices_E_commerce_Platform\hmall)
17:57:40:955 DEBUG 31864 --- [main] com.hmall.HMallApplication               : Running with Spring Boot v2.7.12, Spring v5.3.27
17:57:40:955  INFO 31864 --- [main] com.hmall.HMallApplication               : The following 1 profile is active: "local"
17:57:41:341  INFO 31864 --- [main] .s.d.r.c.RepositoryConfigurationDelegate : Multiple Spring Data modules found, entering strict repository configuration mode
17:57:41:342  INFO 31864 --- [main] .s.d.r.c.RepositoryConfigurationDelegate : Bootstrapping Spring Data Redis repositories in DEFAULT mode.
17:57:41:357  INFO 31864 --- [main] .s.d.r.c.RepositoryConfigurationDelegate : Finished Spring Data repository scanning in 7 ms. Found 0 Redis repository interfaces.
17:57:41:588  INFO 31864 --- [main] o.s.b.w.embedded.tomcat.TomcatWebServer  : Tomcat initialized with port(s): 8080 (http)
17:57:41:593  INFO 31864 --- [main] o.apache.catalina.core.StandardService   : Starting service [Tomcat]
17:57:41:593  INFO 31864 --- [main] org.apache.catalina.core.StandardEngine  : Starting Servlet engine: [Apache Tomcat/9.0.75]
17:57:41:653  INFO 31864 --- [main] o.a.c.c.C.[Tomcat].[localhost].[/]       : Initializing Spring embedded WebApplicationContext
17:57:41:653  INFO 31864 --- [main] w.s.c.ServletWebServerApplicationContext : Root WebApplicationContext: initialization completed in 676 ms
17:57:42:679  INFO 31864 --- [main] pertySourcedRequestMappingHandlerMapping : Mapped URL path [/v2/api-docs] onto method [springfox.documentation.swagger2.web.Swagger2ControllerWebMvc#getDocumentation(String, HttpServletRequest)]
17:57:42:844  INFO 31864 --- [main] o.s.b.w.embedded.tomcat.TomcatWebServer  : Tomcat started on port(s): 8080 (http) with context path ''
17:57:42:844  INFO 31864 --- [main] d.s.w.p.DocumentationPluginsBootstrapper : Documentation plugins bootstrapped
17:57:42:846  INFO 31864 --- [main] d.s.w.p.DocumentationPluginsBootstrapper : Found 1 custom documentation plugin(s)
17:57:42:860  INFO 31864 --- [main] s.d.s.w.s.ApiListingReferenceScanner     : Scanning for api listing references
17:57:42:945  INFO 31864 --- [main] com.hmall.HMallApplication               : Started HMallApplication in 2.184 seconds (JVM running for 2.651)
